"ax1_MLB","ax2_MLB","eq_MLB"
1.98275039788,1.98275039788,"1.98319734382"
1.89879332704,1.89877987629,"2.05107176714"
1.9781878854,1.9781878854,"1.97869199551"
1.9341583642,1.93407761941,"1.93412192028"
1.97571925284,1.97553809005,"1.97558728602"
1.88677744128,1.88677195105,"2.05661066451"
2.08659828964,2.08511221867,"1.95863726299"
2.06195134924,2.05735935146,"1.96306177434"
2.06644436808,2.07055355325,"2.07243995047"
1.92425112294,1.92420527735,"1.92428932818"
1.88548201421,1.88562676005,"1.94201839123"
2.01574171581,2.01574114711,"2.01579386318"
2.49761020703,2.49743749206,"2.51036119919"
1.9456333941,1.9456333941,"1.94653091023"
2.29436494323,2.29383584087,"1.99223238322"
2.49812825147,2.49736473318,"2.50373815937"
1.95282328739,1.95282328739,"1.95269650424"
2.37848974998,2.37855954197,"2.04374936845"
2.01773681503,2.01772533906,"2.01517137551"
1.8346431064,1.8346556161,"2.34387258176"
1.827757144,1.8277600026,"2.35317401141"
1.95736873505,1.95736873505,"1.94911773135"
2.04311035843,2.0431040617,"2.10183331423"
1.9662947025,1.9662947191,"1.96629439485"
2.03906424281,2.03904737324,"2.10039521725"
1.94302983674,1.94302181035,"1.94327964777"
1.94266649762,1.94266719781,"1.94306600687"
2.01070768936,2.01070768936,"2.01190786756"
2.00922611997,2.00923443964,"2.01235553588"
1.9682984088,1.968298321,"1.96829807755"
2.01261648797,2.01261648797,"2.01058476045"
1.92079309443,1.92083318122,"1.91649857512"
2.10644947181,2.10646207931,"1.94731898204"
1.98187516208,1.98194569573,"2.0095979163"
2.44279795506,2.43994175137,"2.45330732463"
2.41535822138,2.41618704028,"2.41506396484"
2.44126371763,2.43841999074,"2.45145132504"
2.41964537283,2.42024532568,"2.41933745631"
2.41940819353,2.4194068312,"2.41940763925"
2.42645704895,2.42645541082,"2.4264561596"
1.93766129507,1.9376627761,"1.93769206069"
2.28298684466,2.28497400515,"1.92663856747"
1.97866194525,1.97863218136,"1.9179957246"
1.93344419834,1.93352409903,"1.93654636501"
2.40072446235,2.40072402245,"2.40072408671"
2.00577101246,2.00563635186,"1.93147543469"
2.01175422659,2.01166266166,"1.92539095341"
1.94468714053,1.94483997139,"1.9918643165"
1.94113373746,1.94117878338,"1.99845099756"
2.39610401979,2.39854298434,"2.39535644079"
1.93473016908,1.93473016908,"1.93753587172"
1.92112979739,1.92116860685,"1.91280093543"
2.1489056376,2.14780800203,"2.12242030503"
1.96109158651,1.96109199036,"1.91399995552"
1.95458464083,1.95460307198,"2.01339040388"
1.95592214177,1.95598967752,"2.01097109649"
1.9568897655,1.9568720423,"1.92218628416"
2.05248037661,2.0543300821,"2.05711053077"
1.9131689363,1.91346460482,"1.99514833577"
1.89183571203,1.89180728301,"1.93671534426"
2.05076224177,2.05076224177,"2.05064788076"
1.98410626228,1.98410626228,"1.98441036616"
1.98214971289,1.98214971289,"1.982479348"
2.05281556854,2.05281556854,"2.05272978854"
2.07975141363,2.07984523668,"2.03001610333"
1.96634194694,1.97379077157,"1.94770844764"
1.96107999858,1.96886544624,"1.94173469189"
1.92039100599,1.92037473815,"2.45458418244"
1.92330766577,1.92342031342,"2.01582109172"
2.03784706491,2.03773239192,"2.04000578294"
2.4602275854,2.46023454378,"2.46167058674"
2.02420578708,2.02423042404,"2.095847167"
1.92096103684,1.92088335787,"1.92106155575"
1.99416499552,1.99418535036,"1.99418514391"
1.98729179107,1.98728742976,"1.98725697148"
2.39788120998,2.39827882666,"1.94859984355"
2.264779222,2.26483646524,"1.90464250691"
2.40929691839,2.4092318258,"1.94484985588"
1.98359658594,1.98379074139,"1.93482514729"
2.06529517166,2.06530773533,"1.95026374746"
1.98133764127,1.98134715213,"1.92985353527"
2.3821876361,2.38195066113,"2.03141962237"
2.09850434214,2.0985043284,"2.100700176"
2.10646009792,2.10645901277,"2.10807163532"
1.98395825731,1.98395825731,"1.9843575902"
1.98896701506,1.98896701506,"1.98933125712"
2.49672309142,2.49650422094,"2.50937781895"
2.55624691253,2.55624562442,"1.97490378315"
2.0936910259,2.09369112149,"1.98248087529"
2.5503649328,2.55036371906,"1.97120830627"
2.01347402723,2.01404257559,"2.01146928227"
1.97222194998,1.97205419849,"1.97209848288"
1.98710066162,1.98714785769,"2.02330703349"
1.89662298355,1.89660738689,"2.0612384287"
1.94541329655,1.94541317621,"1.94545967929"
1.87397893588,1.8739797958,"2.0553508029"
1.90223769903,1.90225496323,"1.92730240617"
1.91332212718,1.91326495422,"1.9180547125"
1.9529283399,1.9528952208,"2.47440598938"
1.95352122718,1.95356235375,"2.4645947198"
2.37438114315,2.37442703634,"2.04853786135"
2.37848974998,2.37855954197,"2.04374936845"
1.96156778885,1.96156778885,"1.9529890015"
1.96670865802,1.96670865802,"1.9569289099"
2.04647241151,2.04645560751,"2.10299337723"
2.05134418526,2.05140935571,"2.10650903064"
1.93123546363,1.93118125784,"1.93120178997"
1.9422802679,1.94228241615,"1.94219799306"
1.94132645423,1.94131780615,"1.94112238939"
1.88035115701,1.88035074191,"2.30526622542"
2.0127937587,2.01279786151,"2.01402773265"
1.97205088292,1.98296409285,"1.95356369962"
2.41097942383,2.41098098726,"2.03098050601"
2.41832652269,2.41885934907,"2.05147013144"
2.42350392436,2.42589625984,"2.05539458415"
1.92215047689,1.92215047689,"1.92619262295"
1.92652552051,1.92652552051,"1.92991046735"
2.42032957614,2.4203236983,"2.02888024391"
2.44194874792,2.44194609113,"2.44194750539"
2.43393163096,2.43392912928,"2.4339305144"
1.9750730164,1.97504363082,"1.91377019558"
2.41118228509,2.41272207835,"2.41116151683"
2.40640434555,2.40771939138,"2.40622487752"
2.01534930474,2.01509049686,"1.92043469578"
1.94782214346,1.94781795175,"1.98448313265"
1.94655515465,1.94653008686,"1.9880335152"
2.05437217312,2.05437217312,"2.05614968928"
2.10330013572,2.1026767042,"1.95232876798"
1.91703375838,1.91678102153,"2.33388960574"
1.93971057666,1.93969606277,"2.34352179578"
1.93870153914,1.93868736076,"2.33820697937"
2.16814691291,2.16610753017,"2.14207185797"
2.17450730125,2.17269482035,"2.14910755261"
1.90672868384,1.90588982507,"2.06579743108"
2.05622761831,2.05851163116,"2.06048655741"
2.05969812921,2.0621393315,"2.06419607625"
1.90465103977,1.90469784916,"1.99987096495"
1.8924259152,1.89252993115,"2.00498468365"
1.89921555442,1.89846334115,"2.06555491097"
2.44333637211,2.4417487755,"2.45053213489"
1.9524876877,1.9524864764,"1.95248667493"
1.9504135564,1.9504118406,"1.95041239288"
1.99275802116,1.99289249845,"2.01651911671"
1.97658171562,1.97658171562,"1.97697385413"
1.98831567274,1.98858074271,"2.0143388148"
2.0455388499,2.0455388499,"2.04559123668"
1.90488197656,1.90477760466,"2.03321233898"
1.91296290962,1.91267613472,"2.43387110871"
1.90830137194,1.90819462647,"2.03011761843"
1.91213439084,1.91187722744,"2.43942070162"
2.45954874332,2.45955109649,"2.45957817074"
2.45726470169,2.45727925843,"2.4576291954"
2.37857684468,2.37857589015,"1.95498358088"
1.99994355081,1.99996787759,"1.9375748262"
1.92503512433,1.92505533337,"1.92505842457"
1.9229608159,1.92299354886,"1.92300085353"
2.37033463675,2.36737180791,"2.04792755864"
1.99579415214,1.99581830298,"1.99581437407"
2.36766129945,2.36472826928,"2.04994605373"
1.99734424235,1.9973728221,"1.99736473143"
2.37760671074,2.37760571432,"1.95710225485"
1.9657998246,1.96574443985,"1.92452373613"
2.28922674834,2.2912104616,"1.9198188591"
2.30586949372,2.30548151513,"1.99374616767"
1.97067584087,1.9706808611,"1.9288540469"
1.927774457,1.92775614197,"1.97036694008"
2.10837245052,2.10837170626,"2.10991614067"
2.11008504466,2.11006242052,"2.11160604251"
2.49530365072,2.49386624757,"2.50016759462"
1.99342138463,1.99342138463,"1.99374846555"
2.02573901162,2.02852455711,"1.95823562155"
2.04599666758,2.04863605107,"1.95610765499"
1.93868324168,1.93860020712,"1.95708460988"
1.9983498846,1.99839216787,"1.95062525482"
2.02222563082,2.02223329404,"1.94574434261"
2.06323122795,2.06614448165,"2.06822925557"
2.38710994623,2.38713650161,"1.95418254015"
2.01158820008,2.01158683435,"2.01414521779"
1.98436894203,1.98322442915,"1.95188957641"
1.99394881572,1.99394334847,"2.01732452778"
1.96381561497,1.96381844073,"1.96390047955"
1.9535983525,1.95359373785,"1.95364733306"
2.29998458854,2.29952346743,"1.99307776261"
1.94054914464,1.94054914464,"1.93812469688"
1.92027039013,1.92024066993,"1.91652009096"
1.95415655672,1.95544154001,"2.46481958701"
2.0171084044,2.01712023139,"2.01796852863"
1.91458514089,1.91523920501,"2.13663722967"
1.94350727539,1.94351488794,"1.94416088774"
1.97658191167,1.97658191167,"1.96537851791"
1.8826419375,1.88264081656,"2.04586183982"
2.37129073039,2.37139064695,"2.05011427374"
2.37148065895,2.37146769886,"2.05257012844"
1.87083388542,1.87084556761,"2.31219459436"
1.86091699371,1.86092120201,"2.31928466899"
2.44392356737,2.44392050135,"2.01989824103"
2.4282629036,2.42826721889,"2.02620131025"
2.41282578461,2.41369376243,"2.0411861886"
2.41357123284,2.41465080955,"2.04601985408"
1.91624043812,1.91534067499,"2.42470238174"
1.93002338765,1.93002338765,"1.93390603141"
1.91384033677,1.91407189945,"2.02437002308"
2.01238526037,2.01238526037,"2.01230479494"
2.12802996424,2.12059166115,"1.99914066032"
1.99374107994,1.99369782816,"1.9450032071"
1.99908313801,1.99903487694,"1.9489643591"
1.9816247419,1.98160372151,"1.95011902102"
1.97611942673,1.97607497474,"1.9548725401"
2.0536321835,2.055824014,"2.03236349893"
1.94869997786,1.94862027191,"1.98254189652"
1.94905204879,1.94885275122,"1.97907827292"
1.90392907636,1.90392907636,"1.90683606623"
1.90918196905,1.90918196905,"1.91187101104"
1.93574000728,1.93576576122,"1.91629943097"
1.93494866032,1.93501550063,"1.91320334308"
1.87848141046,1.87841864653,"1.97584327016"
1.87876653242,1.87877726892,"1.97463703052"
1.94023957356,1.94022504277,"2.34916086255"
2.16420311003,2.16221753758,"2.13736303482"
1.94132779475,1.94131384035,"2.35502282709"
2.16022958015,2.15822120409,"2.1329739863"
2.15511728518,2.14768942031,"2.01268259331"
2.1476506071,2.14044016742,"2.01039914561"
1.87382377502,1.87381986027,"2.01594737977"
1.91241303053,1.91339175543,"1.91545768991"
1.88227501296,1.88227001309,"2.01036782369"
1.89212523456,1.89211762226,"2.03673323289"
1.90194814779,1.90194205931,"2.02860502892"
1.90054105632,1.89990742326,"1.90816187373"
1.9488656827,1.9488644326,"1.94886498035"
1.89828407147,1.8976436302,"1.91478559234"
1.9469485418,1.946949318,"1.94694773405"
1.85140586481,1.8514059863,"2.32692420693"
2.06952671275,2.06952671275,"2.06921712822"
1.9174659468,1.91612614065,"2.42165788461"
2.06741946901,2.06741946901,"2.06686648048"
1.98489385279,1.98481030911,"2.01202765046"
2.4812792732,2.48129432451,"2.48418399864"
1.84249616991,1.8424988209,"2.33505888636"
2.48577056278,2.48577341388,"2.48877610879"
2.4532568562,2.4532943268,"2.45358138783"
2.45516764589,2.45517915343,"2.45547489624"
2.00323954296,2.00327023016,"2.00332264199"
1.92183247947,1.92186167328,"1.921846125"
2.37425945575,2.37125804972,"2.04259005987"
1.92334519192,1.92337934032,"1.92336809309"
2.37669083452,2.37374763233,"2.04083422743"
2.27774037071,2.2797054712,"1.92909543244"
2.02061382712,2.02051422595,"2.0217987353"
2.27415879562,2.27608982753,"1.9359474847"
2.0317815641,2.03176822868,"2.09823010639"
2.11836487757,2.11836497099,"2.11507673812"
2.11650888799,2.11650856962,"2.11382858623"
1.96523497353,1.96523497353,"1.97409076945"
1.96399354908,1.96399354908,"1.97193576339"
2.57521357033,2.57520929623,"1.9865608114"
2.495237973,2.49416503322,"2.50002842338"
1.9905572904,1.99051898871,"1.93572192937"
2.04873209368,2.04870812536,"1.94081875164"
2.07632671613,2.07631054786,"1.93635555598"
1.98866803465,1.98863163043,"2.02125801191"
1.98319340809,1.9831608494,"1.92364802993"
1.97897542289,1.97901563064,"2.02895004725"
1.97567452426,1.97573487129,"2.03063426105"
1.91919467281,1.91911945513,"1.9191600859"
1.93624498432,1.93624498432,"1.9340006985"
1.94629985346,1.94620635347,"2.48600075607"
1.91418976665,1.91418976665,"1.91831041414"
1.9290390607,1.92823307774,"2.44807980331"
1.98640976227,1.98637610382,"1.93167173102"
1.96976779869,1.96976779869,"1.97025466516"
1.94395054405,1.94393914565,"1.94388159032"
1.94214926276,1.94214073003,"1.94418842203"
1.98140336264,1.98140336264,"1.96978976133"
1.98583337471,1.98583337471,"1.97409710443"
2.36517288588,2.36518924762,"2.06167589681"
2.02036654497,2.02033887519,"2.01622929707"
2.01261473412,2.01261473412,"2.01321761589"
2.0124436612,2.0124436612,"2.01306059231"
2.3983087422,2.39830590872,"2.03209028061"
1.91093553365,1.91093553365,"1.91533299835"
2.40718129992,2.40848933624,"2.03251916916"
2.25981997634,2.25989489428,"1.94998083656"
1.91167146767,1.91268157145,"1.91153002289"
2.26014093621,2.26020507305,"1.94396481897"
1.90698192102,1.90813615109,"1.90670028454"
2.0342715419,2.03426930993,"2.03434272291"
2.01695339648,2.01695339648,"2.01686283473"
2.02202360984,2.02202360984,"2.02195727536"
1.99187737702,1.99173482685,"1.94450357896"
2.06417148198,2.06437178165,"2.03193625405"
1.94878962368,1.94868860325,"1.9756446933"
1.89942327234,1.89942327234,"1.90262919269"
1.93981966352,1.93987873441,"1.90827088232"
1.93078447005,1.93087410117,"1.91024058723"
1.93284398208,1.93287105447,"1.91143056265"
1.96050247835,1.96050247835,"1.95735985989"
1.8780146004,1.877975987,"1.97286892674"
1.87793750897,1.87789473298,"1.97255822675"
1.95654292666,1.95387912474,"2.35396316962"
2.08436391657,2.08510867865,"2.37760170798"
2.08226358882,2.08294326296,"2.37530928417"
1.9543275327,1.95243219016,"2.34909618328"
2.07108251181,2.07474979628,"2.07725709627"
2.07576410837,2.0803685677,"2.0832424559"
2.14101751843,2.13393865692,"2.00707439503"
2.13214768322,2.12440647339,"2.00620425567"
1.86343718237,1.86345806458,"2.0219387285"
1.99312085569,1.99311988277,"1.95001424933"
1.85584256724,1.85581701102,"2.02833027452"
1.99384928275,1.99384835667,"1.95323127735"
1.89604828015,1.89607578494,"1.92399278981"
1.9570527513,1.9570196195,"1.95705143305"
1.89409638842,1.894081516,"1.93195159971"
1.96548305695,1.96548305695,"1.96205147931"
1.90396065226,1.90364507292,"2.33717940037"
2.06174558946,2.06174558946,"2.06281739532"
2.48192369001,2.48192618501,"2.47652588474"
2.49910046682,2.4983037796,"2.50431996057"
2.27782580904,2.27784705978,"1.90844928398"
1.99644986039,1.99644986039,"1.99606483091"
2.27240516161,2.27243256896,"1.90603210415"
2.26868116827,2.2705353298,"1.94993802971"
2.27110040149,2.27299443112,"1.94297892084"
2.11781468014,2.11781713622,"2.11883282753"
1.94431787606,1.94431962531,"1.98199546827"
1.94004390353,1.94003295814,"1.97369664194"
1.96519174715,1.96519174715,"1.97972031612"
2.58200009376,2.5819919718,"1.99048647735"
1.96446242917,1.96446242917,"1.97820683145"
2.5688287243,2.56882510573,"1.98258917349"
2.56235164669,2.56234874325,"1.97864610546"
2.07215662871,2.07270605288,"1.91755902709"
2.06831678931,2.06882150959,"1.9251393591"
2.12421911088,2.12421235168,"1.92750791357"
1.98202508619,1.9820178316,"2.02735266567"
1.98457471355,1.98458299386,"2.02526813425"
1.94862466245,1.94858852239,"2.16546799975"
2.04443931913,2.03255615914,"1.97053622492"
1.94930631293,1.94823913465,"2.48649807677"
1.95114505574,1.95145717372,"2.47997157675"
2.03010385533,2.00143040612,"1.97813246431"
1.92265372123,1.92318100542,"2.13796531205"
1.93184365216,1.93228081045,"2.14002493252"
2.11301186857,2.11306726172,"1.94294484677"
1.90712781818,1.90785780493,"2.1362673792"
2.32566602747,2.32543630837,"1.99393241118"
2.33279492529,2.33260721584,"1.99332364059"
1.9804462889,1.9804462684,"1.9804465773"
1.91627401884,1.91633189126,"1.91177161678"
1.91729694714,1.91739233347,"1.91231226752"
2.40632728035,2.40632656154,"2.03234622962"
2.39775601062,2.39775665383,"2.03392296025"
2.11669192147,2.116696502,"1.94871234499"
1.91884527721,1.92048306147,"1.91991574763"
2.2792225264,2.27866062615,"1.95472494571"
2.26360096948,2.26361373159,"1.95095207642"
1.9287936147,1.92809170025,"1.92596318288"
2.40507679757,2.40677953566,"2.02886976613"
2.0093289512,2.0093289512,"2.00641778416"
2.00813609991,2.00813609991,"2.00556724375"
2.02488580462,2.02488580462,"2.02480441509"
1.92297170888,1.92343703508,"1.93225678721"
1.93439398702,1.93439398702,"1.93516432633"
1.93232654237,1.93232654237,"1.93418087497"
2.10009059178,2.09998613037,"1.93244017323"
1.92697394285,1.92697394285,"1.92908061256"
1.9405520938,1.94051982644,"1.92517303006"
1.8887666504,1.88878990866,"2.0045569361"
2.13413172505,2.12634153073,"1.9989496711"
2.12805269741,2.12009034441,"2.00475672577"
2.48927013417,2.48929847665,"2.49294634769"
1.99161504005,1.99161455914,"1.94689229555"
1.9555322999,1.9555295331,"1.95553090185"
1.954056094,1.9540546151,"1.95405497058"
1.93092648245,1.93097272905,"2.008320796"
1.88903935384,1.88899446464,"1.94591944535"
1.89177392861,1.89173840206,"1.93766884992"
1.95536209909,1.95534721704,"2.01904980265"
1.95565347233,1.95569484606,"2.01623988662"
1.93982894899,1.93982894899,"1.94071141055"
1.92610333838,1.92704699278,"2.33104846238"
1.91987757845,1.9198763334,"1.89323956896"
2.03930503849,2.03930503849,"2.03920851986"
1.91858376477,1.9185838093,"1.89164758391"
2.49546492008,2.49530959565,"2.49901807633"
1.99866184938,1.99866184938,"1.99871339372"
1.95010304099,1.95005412251,"1.9447362265"
1.99729921478,1.99729921478,"1.99740054047"
1.96109315532,1.9611012253,"1.93342615456"
2.26593253591,2.26768920944,"1.95678738749"
1.94501489852,1.92999998051,"2.04983523238"
1.95360453323,1.94294780496,"2.05468152133"
1.93933168619,1.93933495681,"1.95611955691"
1.93564064997,1.93564611528,"1.94848336531"
2.07524735172,2.07398887079,"1.92068197055"
2.07091293479,2.07136019376,"1.93508062352"
2.03300396986,2.03287611385,"2.0347486403"
2.0683257949,2.0685922361,"1.94112561786"
1.9253161348,1.92529235738,"1.92528180666"
1.92929883822,1.92929883822,"1.92998151835"
1.96523845274,1.96523845274,"1.96904929531"
1.93264322294,1.93256611103,"2.07662942666"
1.9165892204,1.91653756269,"2.07422648185"
2.09493290356,2.09495130209,"1.98169625701"
2.54454439049,2.54455867162,"1.96806187957"
1.95039990291,1.95039990291,"1.94727799312"
1.95538628272,1.95538628272,"1.95217605698"
2.09430255018,2.09439067067,"1.94975206943"
2.09983223193,2.09972693816,"1.98185502638"
2.01864522159,1.9910585934,"1.98368303193"
2.00721540911,1.98415035252,"1.98865234183"
1.94630522881,1.94675534173,"2.1517568613"
1.96482390984,1.96466016349,"1.9648059903"
1.99223546953,1.99223546953,"1.99259909396"
1.96049085206,1.96031017708,"1.96042869852"
2.12192659243,2.12182996224,"1.9580258518"
2.12341919362,2.12332410084,"1.96118136944"
2.31204140224,2.31169571752,"1.9942268392"
2.31876566499,2.3184992876,"1.99427221737"
2.06605689668,2.06821205704,"1.95350666517"
2.11484390765,2.11488080932,"1.94568873421"
1.90991939889,1.91006689517,"2.02745367436"
1.97157653342,1.97157653342,"1.96116942442"
1.91284414467,1.91295865384,"1.9077017217"
1.9820300323,1.9820142068,"1.98201155428"
1.91491121455,1.91520371147,"1.90936815424"
2.04721460045,2.04715420123,"2.04999327558"
2.2543367939,2.25434372531,"1.93647499566"
2.00524963969,2.00524963969,"2.00343046979"
2.00575894062,2.00575564658,"2.00585511796"
2.01372708086,2.01372764256,"2.0137849883"
2.01448317262,2.01557398795,"2.01380358372"
2.03421642436,2.03421642436,"2.03412390994"
2.44020917775,2.43994288223,"2.43716584342"
2.44039391805,2.44158271714,"2.43670547513"
2.40442479217,2.4040093131,"2.40273996042"
2.4006724476,2.40110082392,"2.39921088733"
1.91586971742,1.91586971742,"1.91834150223"
1.92035622708,1.92035622708,"1.92266363888"
2.01834292716,2.01828055899,"2.01398677621"
1.9431483339,1.94307541138,"1.97415007766"
1.93698601029,1.93700184291,"1.92351145651"
1.93747625167,1.93747530942,"1.91905290718"
1.88192640378,1.88191280182,"1.99637006768"
1.87926796548,1.87926135573,"1.98181301701"
2.03123011969,2.03123011969,"2.03115166382"
1.88342417734,1.88339834361,"1.95449553902"
1.9118153099,1.9118150088,"2.02123250544"
1.92152493779,1.92152306919,"2.01448740048"
2.0934028047,2.09442492584,"2.38379127175"
2.09451394287,2.09691535715,"2.38559798263"
1.95414532689,1.95411371461,"2.02505411971"
2.02396254749,2.02396542341,"2.0239044626"
1.86387033491,1.86332551873,"2.36078324973"
1.91712457231,1.9171255171,"1.89064723918"
2.49177126814,2.49178216418,"2.48252883271"
2.49107726476,2.49107454536,"2.49420607727"
2.00007275157,2.00007275157,"2.00025091583"
2.00241985884,2.00241985884,"2.0026132034"
2.32000660304,2.31989710201,"1.92641850559"
1.91774714454,1.91774714454,"1.92195287072"
1.99636542515,1.99635789723,"1.96106678417"
1.97118716014,1.97118716014,"1.97172482111"
1.97329019803,1.97329019803,"1.97376046219"
1.96538217731,1.95425429968,"2.05830969445"
1.99502011809,1.98216182067,"2.06476520547"
1.87487932431,1.87453230118,"2.3538212778"
1.97971343105,1.97967168317,"1.91394389577"
1.97108467473,1.97106677792,"1.92324798742"
1.9450885278,1.9450885278,"1.9427841397"
2.44220944146,2.44478773247,"2.44023121334"
2.10077113836,2.10070863996,"1.97985443924"
2.10301492881,2.10286828979,"1.97876379825"
2.06514407192,2.06553911312,"1.96191687746"
1.96219709862,1.96219709862,"1.96966244725"
1.96193779885,1.96193779885,"1.96655679587"
1.90295036014,1.90292191764,"2.07112969916"
1.92252721269,1.92252356431,"1.9102974719"
1.96564112091,1.96564112091,"1.96537276913"
1.97699539622,1.97699539622,"1.97748646443"
1.95942442862,1.95942442862,"1.95919365233"
2.04227360038,2.04219101118,"2.04470762206"
1.93727668421,1.93725943822,"2.33344815172"
2.51117321019,2.51106575575,"2.50658762814"
1.95609018731,1.95591735082,"1.95596402172"
1.95137138296,1.95118151645,"1.95125430237"
2.11709315036,2.11689410104,"1.94295689537"
1.91822983759,1.91813847655,"1.91807251844"
2.12575385135,2.12524986435,"1.93997367408"
1.9223995143,1.92236544682,"1.92236367571"
1.87649216129,1.87624022761,"1.95166193261"
1.86841585351,1.86819532318,"1.96198884365"
2.12025304828,2.1201934568,"1.95484168704"
1.97019712741,1.9701973796,"1.97019690305"
1.95409649267,1.95416122792,"2.02236598212"
1.97197847381,1.97198241521,"1.97198546175"
2.02472137751,2.02483314628,"2.0257712128"
2.05134418526,2.05140935571,"2.10650903064"
2.02753880182,2.02753261379,"2.09631175904"
1.92270559133,1.92273318171,"1.92270926518"
1.9249864592,1.92497838135,"1.92147410076"
1.94148688494,1.94145676495,"1.949568555"
1.9361202868,1.93613672682,"1.96090739774"
2.25667228094,2.25672428057,"1.93822865551"
1.94181310409,1.94278365171,"1.94238147702"
2.0304974749,2.03132634707,"2.02926772146"
2.41012915268,2.41105848602,"2.03761290899"
2.25442491524,2.25450940693,"1.94488144795"
1.94170907003,1.94172236838,"1.92800473347"
2.44528180177,2.44144024776,"2.45615745551"
2.41282348817,2.41282235854,"2.41282290276"
1.94442116952,1.94307956314,"1.91545140227"
1.92174145433,1.92165951626,"1.92170337697"
1.99377498194,1.99377373407,"1.95597075097"
1.99500091398,1.99500015218,"1.95853081994"
1.96646462384,1.9664354564,"1.91007802342"
2.11863674333,2.1186580041,"1.95171920513"
1.953508806,1.95348768059,"1.930115499"
2.08041630721,2.08125457193,"2.37332452023"
2.08932647404,2.09077821793,"2.38139324343"
2.08741868727,2.08836117625,"2.37946348576"
1.88497555997,1.88461398577,"2.34753342359"
2.15840161815,2.15625224923,"2.13013821527"
1.89469842808,1.894341017,"2.34170933825"
2.15177181607,2.14983169023,"2.1253595757"
1.9553929712,1.95533056118,"2.0083601895"
2.06925487755,2.07099393974,"1.97174800575"
2.4066624647,2.40666147339,"2.4066618709"
2.29001643556,2.29003314784,"1.91476158435"
2.00354930716,2.00354930716,"2.0035914941"
2.06763838201,2.06774612248,"2.02922314945"
2.28470960099,2.28472988066,"1.91066071656"
2.05631892253,2.05641151094,"2.027554957"
2.00286073938,2.00286073938,"2.00304570664"
2.31111537034,2.31097249451,"1.92552824773"
1.97786063718,1.98885500109,"1.95841437881"
1.92054169872,1.91906341594,"2.41624594783"
1.92028325683,1.92000604759,"2.01865978199"
1.92049649845,1.91924091008,"2.41110190123"
1.91689802231,1.91717291481,"2.02141520118"
2.45036684968,2.4505660285,"2.45038452981"
2.45184789021,2.45194010984,"2.45211720276"
1.98886688459,1.98886742372,"1.90598248733"
2.02094998813,2.0089429537,"2.07112528807"
2.00779824531,1.99776476302,"2.06851970479"
1.95024664341,1.9502011123,"1.94788793881"
1.92150421901,1.92152299227,"1.92152079102"
1.98546277182,1.98545869893,"1.98542932409"
1.93002552283,1.93006723194,"1.93270808708"
1.98340668337,1.9834014263,"1.98337370926"
2.39003369279,2.39003485159,"1.95188088927"
2.40342136372,2.40341903701,"1.94981640652"
2.36628358532,2.36622114173,"2.0572123241"
1.97867684513,1.97867684513,"1.97902240816"
2.1090891725,2.10882241738,"1.97898546576"
2.11175098459,2.11152796695,"1.97563161954"
2.38016615935,2.37749586045,"2.03593539086"
2.38131007743,2.37884997754,"2.03326029584"
1.99015037547,1.99015005795,"1.94353011222"
2.13138908161,1.96969980505,"1.94067300966"
1.95628072549,1.97894250847,"2.01229469095"
1.96384954292,2.02986944475,"1.95271221433"
2.05342336967,1.926193486,"2.02867921878"
2.0547778865,2.05486323656,"1.95101497026"
1.96848586138,2.1473188892,"1.95322234048"
2.01658360123,2.01608567346,"1.94537540377"
1.97425447658,1.95801374914,"1.95311698754"
1.96609129973,2.0340359457,"1.93385120405"
2.04439046901,1.94793898724,"1.98721770808"
2.09801516875,1.98795073802,"2.08660443578"
2.06786839032,1.98692528054,"2.133416817"
2.04145642736,1.95670297381,"2.08586076656"
2.06240083405,2.08614639923,"2.06439300351"
2.05361749269,2.32849527354,"2.09940409043"
1.97107576348,1.93950948788,"2.03321455179"
1.9998336897,1.92010876196,"1.95957710013"
2.07286620943,2.103239515,"2.08628188195"
2.04891759619,1.96426519158,"2.15940351282"
2.01313172328,1.96418173338,"1.94388595774"
1.9674128936,1.9557483412,"1.98047737464"
2.00756070517,2.28590547197,"2.09431808482"
2.0820836023,1.9386932807,"1.94652755585"
1.95659146826,1.9567352158,"1.95290168011"
1.97689118862,1.92804612087,"1.93597202309"
2.168110362,1.88200612313,"1.9942093709"
2.10320201467,2.03903303973,"2.10450005012"
1.95598538119,2.1077649094,"1.99157425369"
1.98332812405,1.97979635077,"1.94793583715"
1.94297058103,2.10118105613,"2.02625738055"
2.01830254983,2.38567744581,"2.10840414366"
2.0812238652,2.06019515199,"2.07910690801"
1.89983021327,2.29084234601,"1.99299389588"
2.00512965542,2.00971592903,"2.00549440903"
1.97668214686,2.3189805348,"1.98653134756"
2.121815754,2.03070795756,"2.0972194395"
1.8559319099,2.12264455234,"2.06552241856"
1.90276939979,2.03173211852,"2.0245009642"
1.9447560558,2.02384409693,"1.97951983906"
2.03672214099,1.8974476121,"2.01739902798"
2.02405905325,2.07449602521,"1.99963165259"
1.95428707272,1.94683184661,"2.00247856753"
2.11484175637,1.89887465367,"1.96132839746"
2.05681561927,2.0568365659,"1.93367960242"
2.00481280636,2.04164471003,"2.1533676063"
2.25028789133,1.95630412611,"1.92747466047"
2.00754297366,1.93716747251,"2.07374392129"
2.25676776895,1.93272812221,"1.9478336589"
1.93885638018,2.11273198174,"2.18180700801"
1.91827449756,1.98099743928,"2.04504680728"
1.8701283206,2.15750294997,"2.02437881067"
1.96352825103,2.06322682341,"1.97322997856"
2.07892877885,1.98225790729,"1.96010141942"
1.98611844903,1.93926426993,"1.97614368225"
2.04706779012,1.8791501503,"2.04060991389"
2.01846234508,2.01985153096,"2.09141912544"
1.94897868109,1.94860972777,"1.99364603148"
2.06819047699,1.9191854234,"1.93773278514"
2.11314466994,1.93396664317,"2.00401806909"
2.09378273174,1.93175373586,"2.03229433011"
2.02409184382,1.98769944777,"1.93361044924"
1.91251562402,1.91251921042,"2.03117755995"
2.00260154632,1.87046096418,"2.01816813601"
1.9858907309,1.91469347814,"1.98151759773"
2.06939831575,1.97512409501,"1.94494898754"
2.07110782304,2.00225836998,"1.94286126635"
1.96942656722,1.97000305276,"2.01461859949"
1.98799829446,1.99296473901,"1.97250289426"
1.90873312492,2.23653015337,"1.96814909489"
2.01820614782,1.87969694719,"1.9376546266"
2.09468664402,2.04485548882,"2.04831711829"
1.9493552719,1.9493553636,"1.98995777788"
1.99025013892,2.04846891887,"1.96090638073"
1.94514707778,2.22197991416,"1.97586340029"
2.06668696664,1.88756500851,"2.03005496319"
2.09906566336,1.91950756381,"2.04739794856"
1.96885046003,2.07633891823,"1.944903269"
1.93063653911,1.9829811485,"1.93712427579"
2.04607945837,1.95442043366,"2.07523168559"
1.94589835552,2.18317253254,"2.16729107565"
2.0941151069,1.99430746238,"2.08630140776"
2.06962559902,2.06501671195,"2.02816206202"
1.94828517759,2.05890329471,"2.01012392897"
2.1114315288,1.89361356822,"2.13767090248"
1.9343067594,1.93370682916,"2.03428130783"
2.02160979953,2.0726958366,"1.93701148943"
2.1674367382,1.99190763221,"2.02095629071"
2.07135535203,1.99266991051,"2.09446399203"
2.01671368123,1.93420270708,"1.93190018711"
2.0171929609,2.03227472984,"2.02951077299"
1.99287192898,2.00385642262,"1.98437185049"
1.97835833249,2.24097886067,"1.99649401376"
2.1474469763,1.98320058527,"2.01033351357"
2.06110618486,2.00862008431,"2.04371198809"
1.98485312125,2.03685494786,"2.03462839353"
1.97882991321,2.22940588287,"2.08038368551"
2.1194137805,2.11920516504,"2.00501817628"
2.07471493618,2.03445044239,"2.06771343636"
1.98976944279,1.85932800121,"1.94435255218"
1.92360868863,2.07473496697,"1.96491122662"
2.10743823609,1.98097830087,"2.06212595708"
2.0470429626,1.99881135759,"2.21684586471"
1.99105812544,1.93367166261,"1.94050973458"
1.96650859559,2.24914419065,"2.08986945112"
2.01122071019,1.93459089807,"2.13538755463"
1.96826946283,1.96827048251,"2.17594079469"
2.06610679448,2.18991279185,"1.95598125031"
1.9989450028,2.00232027193,"1.94947716806"
2.5844178378,2.08309318967,"2.10261036296"
2.00853433766,2.5546722286,"1.99038083726"
2.02163048114,2.02163048114,"2.3003699044"
1.97857535482,2.14277948231,"1.95591726247"
1.86048001189,1.95996760036,"1.9391553115"
1.98473631547,1.91943969126,"1.93196770977"
2.43242690303,1.92202462586,"1.92203759035"
2.12839774951,2.13227229968,"1.94136185427"
2.0440942637,2.02471777777,"1.93189646317"
2.25868638586,2.18151833842,"2.12608692191"
2.35337797639,2.49326573345,"1.93024357381"
2.31724406646,2.20178042824,"2.01752476548"
2.32529513064,1.98368335649,"2.0697712239"
1.98693817611,1.9918265212,"2.1038711585"
1.98847879636,1.91027760675,"1.90410441591"
2.22055359626,2.08951082344,"2.11632209575"
2.29030649108,1.95881937335,"1.96395213212"
2.34561167772,1.90608241426,"1.90878686287"
2.05915451495,1.98068752799,"1.90220658025"
2.14619755985,1.88272722475,"2.03641384625"
2.14358520768,1.96350543226,"2.46547440158"
1.95035168293463,2.22304671755328,"1.92516069274"
1.98020107410255,2.06078476461688,"2.0703582862"
1.93084892053842,2.02172063655991,"1.92997490629"
1.98406604688843,1.99870219676124,"1.96947340095"
1.9505068625007,2.07362595054192,"2.05117058059"
1.92542784559596,1.99629447889858,"1.93770298609"
1.94564137360033,2.2136151964281,"1.95811978335"
2.01151743903564,1.95292732199731,"1.97706933546"
2.00104798887827,2.0498171408316,"2.19848158375"
2.00254709001265,2.09865063479159,"2.07260397508"
2.02342438507191,1.9710602742785,"1.98394473037"
2.05157244374651,2.0860535135227,"2.10101039119"
1.97774633810214,2.01799156282206,"2.17859550631"
2.04074603163286,1.99433448717471,"1.95781199436"
1.92727938252976,2.21831973592351,"1.94525676844"
2.05111179569608,1.9772980480093,"1.94277501482"
2.30579554346159,1.99509399939316,"2.05174992873"
1.99712522862014,2.27292712122817,"1.98655219852"
1.94409073892645,2.03219047909867,"2.05321203068"
2.03530967729928,2.2344591196456,"2.00905308002"
1.98122800397018,2.00848068599331,"1.93675073336"
2.48800399844975,2.48743103316257,"2.48766200237"
2.04988189339456,2.04988424343162,"2.04943017514"
2.47482840811441,2.47492964622211,"2.46571451419"
2.01495887278946,2.01496366867179,"2.0176067851"
2.01562305113635,2.0156264839265,"2.01811234772"
2.11482142909171,2.114820968632,"2.11680897683"
2.086781,2.086781,"2.086781"
2.483182514085,2.48202507686005,"2.4825134076"
2.11694342884229,2.11694918047314,"2.11880934746"
2.10197296220807,2.10197084062361,"2.10463881294"
2.09691283110477,2.09742317940069,"2.10015705546"
2.49925149464435,2.49911351563401,"2.49896057979"
2.49351271026392,2.49317565598291,"2.49319074391"
2.02102745182091,2.02101376044346,"2.02017834736"
2.026174916967,2.02619224424867,"2.0257554699"
2.10931145569116,2.10931517995505,"2.11161351036"
2.03107474200518,2.03117602791997,"2.03076374666"
2.10589622563469,2.10589622676158,"2.10837642658"
2.04625866011261,2.04180821550921,"2.03581390706"
2.01617089395068,2.01617296317986,"2.01843231486"
2.04631564730983,2.04629146319759,"2.04596532074"
2.03445868048128,2.03445840744137,"2.03335886671"
2.49125896951559,2.49126355205428,"2.48646352773"
2.47912729551297,2.47969829340106,"2.46985144644"
1.9182136045953,1.91821185504257,"1.95314773566"
1.96521502495387,1.96519356715622,"2.0471873815"
1.96556182659404,1.9655605750471,"2.04472185415"
2.14954356024952,2.14914656910381,"2.15148984612"
2.4272662538389,2.42827418069641,"2.1318326503"
2.16047813457531,2.16012697476292,"2.14546512988"
2.05203477841887,2.05373972680926,"2.01191249271"
1.97368225090041,1.97379366958834,"2.40329192254"
2.37666105979063,2.37677551085084,"2.08813791416"
2.27589087985945,2.27507430053415,"2.12805045183"
2.38541659118868,2.38528638803777,"2.03438594978"
2.27757529378694,2.27733871218367,"2.12862874902"
2.26545294435375,2.26915965012643,"2.05239751869"
2.43078778602238,2.43048853822074,"2.13106403567"
1.96338744257396,1.96338838491235,"2.03472837106"
2.10011557006461,2.09972998023601,"2.17848800442"
1.98078797919445,1.98059149796873,"2.08977614617"
2.10522670197265,2.10487655206067,"2.17391294254"
1.9621155477591,1.96211519386732,"2.02358058924"
2.25589892224359,2.25587457358721,"2.02828400259"
2.10657469498844,2.10656792792334,"1.91938639954"
2.42893550287237,2.42886268127597,"2.14270033296"
1.92378251301556,1.92376544476081,"1.99733876488"
2.27275437895998,2.27251408616363,"2.12543292534"
2.3993793036834,2.39937820647154,"2.02622403106"
2.25306889585777,2.26020709672777,"2.03694710474"
2.3918641062812,2.39239557963109,"2.03145658907"
2.24940679214247,2.25383573712675,"2.02764817887"
2.07236077021712,2.07685689909101,"1.99691789064"
1.91884190116672,1.91884016254177,"1.94677670294"
2.07893198136745,2.0740445277138,"1.99961604439"
1.97833198729661,1.97813394697099,"2.09300844109"
1.97523071818264,1.97502051966681,"2.09640715108"
2.4304660082503,2.43025615666741,"2.12766151375"
1.9204250374247,1.92037855145678,"1.97790679716"
2.42583970991218,2.42582411977248,"2.15084372815"
2.18525588613567,2.18490570444774,"2.12925909705"
2.4271163868366,2.42702044708087,"2.14696309505"
2.19185500182915,2.1915938861322,"2.12440937885"
2.2715388924829,2.27141356638729,"2.12374679479"
2.40422479302453,2.40422429447439,"2.02320888582"
2.25995399554112,2.26584273825089,"2.04730238398"
2.4096785320054,2.40966456445197,"2.01947007231"
2.37357244937477,2.37386449831182,"2.09134567939"
2.05671296795612,2.05906260296451,"2.00871899275"
2.39200485780353,2.38830225607667,"2.0302378505"
1.9867453192371,1.98658026251627,"2.07852019231"
1.97210752398112,1.97194344887313,"2.08619335054"
2.03278612377164,2.03264613878607,"2.12795624702"
2.03435693035292,2.0342747910779,"2.12485487262"
2.09492483063738,2.09489132138086,"2.06604680941"
1.9282666626739,1.92827438600781,"2.39840728049"
1.91722665770781,1.91722405065755,"2.39954755816"
2.10688234493399,2.10623561011318,"2.07317378094"
2.10052260335395,2.10919926188919,"2.07128148633"
2.37819041094696,2.37804876956088,"2.08543911307"
1.98572983121492,1.9855464804206,"2.08112246849"
2.17812309836572,2.17779993239266,"2.13443594654"
1.98446897979861,1.98430400441348,"2.08378360117"
1.93986216023861,1.93986888624815,"2.39876901811"
2.06385101574692,2.0638426924826,"2.08236129054"
2.03082469568712,2.03066033798254,"2.13144865159"
2.05440374793807,2.05441683694296,"2.08336867313"
2.02852959886467,2.02839937502161,"2.13493599818"
2.09146339583446,2.09144182578804,"2.06723088379"
2.24783279396346,2.24784093118973,"2.03589178459"
2.0355499698162,2.03537883759128,"2.12215906958"
1.95157066099669,1.95149868683851,"2.40001695693"
2.02260570552686,2.02247508710446,"2.14249132866"
2.08456070099013,2.08459441422664,"2.08254461805"
2.06039138509116,2.06022964561519,"2.01206096002"
2.07641283028478,2.07180691970857,"2.00387195342"
1.92199783989439,1.92202393457362,"1.98738228207"
2.11140036874914,2.11141265361476,"2.05802538379"
2.36594063501426,2.36597600225471,"2.0982638106"
2.11666466814275,2.11667736191861,"2.05491521478"
1.98303626314373,1.98284198327341,"2.08654931373"
2.06466496685465,2.06815769882235,"2.00080113854"
2.08116165104722,2.07729489631237,"1.99500233031"
1.95648483490883,1.95791502013097,"2.39908047314"
2.11952372859428,2.11846170002755,"2.05970675801"
2.11658924714149,2.11549838868472,"2.06335107452"
2.07418879709972,2.07707375479714,"2.06222889449"
2.06910267748868,2.06561445638455,"2.01505361402"
2.09635504699913,2.09637766312147,"2.09181677801"
2.05973551893773,2.06223555274306,"2.00657149536"
2.10918704654185,2.10916436996211,"2.08285592972"
2.10673193116868,2.10665602433673,"2.06061622911"
2.35666396828519,2.35661935549219,"2.10576667927"
2.10251914503053,2.10256136986441,"2.06278778462"
1.97404515938032,1.97399193511245,"2.09803586201"
2.36112899673872,2.36125253232395,"2.10198539599"
1.98384354790928,1.98385956604202,"2.40475177812"
2.02597022539751,2.02583438490221,"2.13849949083"
2.06318467226737,2.06636346737682,"2.00396382717"
2.24811265407275,2.25159403882176,"2.02317145096"
2.07380559526733,2.07380824305209,"2.08215479616"
2.16999018853819,2.16963633541137,"2.13978386376"
2.42986817346769,2.4298138750725,"2.13861305203"
2.28134556256636,2.27341568702066,"2.13148828191"
2.19745258739373,2.19721663792375,"2.11978054381"
2.12226655985214,2.12231697051737,"2.0832152563"
1.97015357518184,1.97012824588296,"2.07860512018"
1.91834272490281,1.91834010051058,"1.96047473708"
1.91910755878317,1.91910221168006,"1.96879481818"
2.0542219179381,2.05623089251587,"2.0104360577"
2.11113354937856,2.11054108311923,"2.06912591695"
2.27964478100175,2.27949314246968,"2.12850497612"
2.11354704279281,2.11275885201486,"2.06663878893"
2.28238659368711,2.28231860432287,"2.12654139246"
2.25629876134264,2.26306619158576,"2.04209931556"
2.36999524988182,2.37020352087405,"2.09466996941"
2.07542704020168,2.06565745468258,"2.0177600642"
2.07403452699202,2.07008897969477,"2.00746511212"
2.38222505934555,2.38222795837558,"2.03525868277"
2.10491990666054,2.10425328304464,"2.07489604989"
1.90527760704581,1.90527760704581,"2.1718156455"
1.86252136370562,1.8616994878013,"1.93571915653"
1.899534197753,1.899534197753,"2.17093487768"
1.87324962620107,1.8723778779004,"1.92574277198"
1.84316377097021,1.84316377097021,"2.01772352203"
2.02323812623455,2.02323812623455,"1.90335648103"
2.08086249113161,2.08121341107458,"2.17067788778"
1.83929034531811,1.83929034531811,"2.01482061291"
1.93248673408784,1.93092968050909,"2.04124703594"
2.04214589276603,2.04214589276603,"1.91397416857"
2.03444672301621,2.0343813952424,"2.0513940051"
1.91084406109017,1.91148448420308,"1.972213716"
1.90675026311466,1.90644910176941,"1.97594842851"
2.03867976397818,2.03868304194045,"2.05234809522"
2.00619194632187,2.00562021485295,"2.11863041301"
2.00911149886325,1.99253979586779,"1.96274052035"
2.00624594062496,2.00507194466017,"1.95129590569"
2.00370085379498,2.00369730927573,"1.93797657552"
2.02943895153434,2.03052837588642,"1.92693023708"
1.88791137435374,1.88791137435374,"2.16809960825"
1.95025650600658,1.94852707024001,"2.0363017311"
1.93417237525506,1.93414059248629,"2.01471105061"
1.90017746268869,1.90021747388056,"1.93378854689"
1.89428558062697,1.89425228522877,"1.94307062128"
2.12586891701207,2.11061594311695,"2.0090246936"
1.87401970150873,1.87401970150873,"2.16094432288"
2.12857481713977,2.11289376849326,"2.02133289425"
1.86084359045716,1.86084359045716,"2.02676950758"
1.9366311367857,1.93662265237747,"2.08332146644"
2.17834941736506,2.17834941736506,"1.94170873185"
2.00265767093338,2.00253789292091,"1.91603061537"
2.53710105021191,2.6599301037677,"2.00471868851"
1.93242062004028,1.93237779883359,"2.07182520156"
1.99396463715338,1.99396463715338,"2.00482732647"
1.93097898219194,1.93097468028926,"2.02523358752"
1.99899664827427,1.99899664827427,"1.90333191181"
1.98186115025726,1.98186115025726,"1.90987212269"
2.00109072226789,2.00105828962876,"1.93460655636"
2.02440755630216,2.02505288162392,"1.93057849332"
2.09227382556548,2.0930029835109,"1.92784227646"
2.01648843878191,2.01614212379173,"1.92870798923"
1.95291618651528,1.95120508532894,"2.11893441082"
2.52754526641111,2.57295871331799,"1.9986274532"
2.05333296084552,2.0653759032859,"1.9207552889"
1.93733953186318,1.93513224253531,"2.11969868816"
2.07773704440779,2.09375710386482,"1.91731990941"
1.92665525020162,1.92665710396667,"2.03029860308"
1.8782670000012,1.8782670000012,"1.87826700002"
2.17956191842535,2.17956191842535,"1.94539933239"
1.88209793864793,1.88209793864793,"1.97055816822"
2.01335957433369,2.01335957433369,"1.8956246682"
2.01304202996628,2.01304202996628,"1.8931875304"
2.18015768340163,2.18015768340163,"1.94931668866"
2.04062756540393,2.04062756540393,"1.90144195091"
2.16984805835612,2.16984805835612,"1.92619486616"
1.89449753001979,1.89295510315228,"2.05637890469"
1.95141618036172,1.95202415825295,"2.03465659801"
1.95329318820827,1.95319261348216,"2.03406099328"
1.88042644067923,1.87875551822268,"2.06463942252"
1.92677389779372,1.92677645533958,"2.04396074294"
2.53977322576286,2.58195728567655,"2.00247152588"
2.53977322576286,2.58195728567655,"2.00247152588"
1.98338834812571,1.98338834812571,"1.9816102682"
2.01557972315521,2.01557972315521,"1.89618261611"
1.9452836047224,1.94539915923504,"2.00279786324"
2.04502725723451,2.04510350040779,"1.90742347171"
2.03819556846968,2.03819556846968,"1.88743571228"
2.03756202383362,2.04267674294467,"2.17179948059"
2.01965955903366,2.02497564694133,"2.17439471664"
1.95933436810712,1.95933436810712,"1.922583198"
2.06887364470725,2.06894789559033,"1.9286170292"
2.06307771127012,2.06440992418144,"1.91316771466"
2.03029955613738,2.02375137025517,"2.00511261587"
2.02160239720535,2.03058810483098,"1.93087843259"
2.01731975096954,2.0226638245034,"1.9327986667"
2.05014899928206,2.05009070086341,"1.90326477938"
1.90519459398084,1.90519459398084,"1.97818264571"
1.91146481456785,1.91146481456785,"1.97988515283"
2.17696274176129,2.17696274176129,"1.93924563901"
2.1765276317002,2.1765276317002,"1.93564924423"
1.94064774631624,1.94064774631624,"1.9165740825"
1.94156278981941,1.94156278981941,"1.91145394137"
2.0553640293005,2.05479609912299,"1.93817708346"
1.94475062488135,1.94481196664296,"2.03512563861"
1.94178566107435,1.94179518652322,"2.0348048343"
1.97563695751668,1.97553236841331,"1.92617512727"
2.06069370770406,2.06076376109038,"1.93315679082"
1.95153493730448,1.9466091960657,"1.90772626453"
1.97721651145599,1.97710336949824,"1.9325189222"
1.96110704876636,1.96115387152748,"2.02031147765"
2.02310735800607,2.02309516398216,"1.90973712536"
2.01288128287999,2.01286894003416,"1.91216069362"
1.98528676498337,1.98528676498337,"1.89333178623"
1.96700125211032,1.96535623560441,"2.0315855212"
1.89871340333917,1.89871340333917,"1.9766522798"
2.05715613092071,2.05715613092071,"1.95043215701"
1.97474417585536,1.97077551962912,"1.89866569141"
1.99051983881187,1.99051983881187,"1.88614669208"
1.96259790641996,1.95802912614758,"1.90319865131"
2.04090588819303,2.03336770471942,"2.0187010539"
2.17582572997876,2.17582572997876,"1.93481599822"
2.04301490478455,2.03580072006477,"2.0222146528"
1.95713691525293,1.95713691525293,"1.92238741817"
2.03357515668468,2.03311151873021,"1.94547438709"
2.04767177004046,2.04749660690049,"1.9429025807"
1.942189621822,1.94219624415061,"2.01190342203"
1.83348826153546,1.83348826153546,"2.01150965699"
1.91489269618675,1.91493937329176,"2.05323833387"
2.53993113602182,2.60284789195302,"2.00333993306"
2.04205156326209,2.04286067069752,"1.91974511"
2.01848273020594,2.01847960625749,"2.03980980654"
1.98079380205692,1.98243398088577,"1.93740689154"
2.03553821854243,2.0362097020879,"1.92337770869"
1.99419306910188,1.99419306910188,"1.87375115543"
1.99314490333596,1.99314490333596,"1.8796490766"
1.98804160833631,1.98707357261209,"2.11852331177"
1.97082780736593,1.97069421069174,"1.90916600786"
2.17449542638488,2.17449542638488,"1.93231849014"
2.00894281226085,2.00894281226085,"1.88595403577"
2.01074350392411,2.01074350392411,"1.88832904633"
2.01211793759318,2.01211793759318,"1.89074528891"
2.04975601507868,2.05076507940861,"1.91623507281"
1.94205018065386,1.94311115145492,"1.9562806417"
1.91392615500142,1.91392792560868,"1.91049500085"
1.98291525711854,1.98138914255784,"2.02694857257"
1.97828451097912,1.97828451097912,"1.97377246145"
1.94172614846717,1.94179332351582,"2.00645418449"
2.05445824908239,2.05445824908239,"1.94391255279"
1.88770370342495,1.88772638339686,"1.95228833029"
1.95007391974529,1.9502404923268,"2.0275070459"
1.84868385365602,1.84868385365602,"2.02062210104"
1.84584443370809,1.84399317906332,"1.9576797991"
1.8937764453297,1.8937764453297,"2.16966733542"
2.03051062073475,2.03051062073475,"1.89061931967"
1.8534782095895,1.85203620344054,"1.94638807084"
1.85455440942172,1.85455440942172,"2.02372507723"
1.9958238468975,1.9958238468975,"1.91055085259"
2.5409975079554,2.61186907798749,"2.00429205522"
2.00937490260731,2.00937490260731,"1.906832734"
1.9884153958518,1.98464801621614,"1.89432933791"
1.98841736814908,1.98841736814908,"1.98923480523"
1.99185844774797,1.99185844774797,"1.9972254487"
1.87720669364672,1.87720669364672,"1.96830311646"
2.12301565214519,2.12547143226798,"1.92094248403"
2.03069547541222,2.03066779346791,"2.04971176203"
1.9181120467712,1.91903498229305,"1.96789111206"
2.02728977374232,2.02724211371891,"2.04755184885"
1.94123158311022,1.9363122321117,"1.91218209249"
2.09296364627768,2.09310495160173,"2.17442369515"
2.01968805923065,2.02026950116107,"1.93401586566"
1.97798590916481,1.97798590916481,"1.90134727302"
1.96899711105903,1.96899711105903,"1.90978229626"
2.00317130526927,2.0031348868763,"1.93714319512"
1.92844362493872,1.92958683917838,"1.96272766176"
1.99962609629534,1.99958184616975,"1.93343617333"
2.0026772672649,2.00254249462608,"1.93626305913"
2.0047533193067,1.98365537132978,"1.97319492336"
2.17906429521872,2.17906429521872,"1.95726274311"
2.1793872270224,2.1793872270224,"1.95332221426"
2.01070736027744,2.01070736027744,"1.90037607222"
2.17222022285341,2.17222022285341,"1.92926147587"
1.93797604890623,1.93802707274706,"2.01040897144"
1.92767478104721,1.92722385158724,"2.02510705756"
1.88096275893459,1.88097153158805,"1.96146583862"
1.93074036489519,1.93029354332312,"2.01957459879"
1.90485509742162,1.90484304201863,"1.92271980017"
1.96685515293308,1.96685515293308,"1.91601125092"
1.90985811437574,1.90969795609913,"1.91613209753"
2.13529964652772,2.10107511911882,"1.99431965483"
1.86728852092055,1.86728852092055,"2.15851868914"
2.02679542407533,2.02653047839626,"1.91184010056"
1.93332690182839,1.93332159711071,"2.06391490476"
2.01439727447406,2.01427267325293,"1.91398942097"
1.93670928048715,1.93670365609306,"2.0559279756"
2.0461716099558,2.0461716099558,"1.90374080258"
1.9738072415418,1.9738072415418,"1.96742470865"
1.97230109098266,1.97230109098266,"1.96160446518"
1.96906782880802,1.96906782880802,"1.91621231554"
1.93189491510264,1.9266800316702,"1.9164148578"
2.05208532222173,2.05495383248957,"2.17013267757"
1.88405714616741,1.8863675591444,"1.91695085805"
2.06329213640495,2.06459233824542,"2.16913968181"
1.89753892363281,1.90147456647831,"1.90685082024"
1.91747415315881,1.91747667512348,"2.04172260889"
2.03275724911939,2.02617598769177,"2.00846364035"
2.01397153206194,2.0134231203252,"1.93539531667"
1.92211107681797,1.92211622795702,"2.03589829777"
2.03009516857076,2.03710263701782,"1.92660511267"
2.03912895155525,2.04803559582394,"1.92365759468"
2.07086089247691,2.07139973992688,"2.16836473813"
2.00032750192153,2.00030258285038,"1.9339162861"
1.90806615053444,1.90869809108812,"1.89944130225"
2.18189045223206,2.18189045223206,"1.94216454459"
1.93256076013389,1.91695819497674,"2.11570824512"
2.18278489711645,2.18278489711645,"1.94549964312"
1.93997596279585,1.93997596279585,"1.92376023198"
1.93960898348586,1.93960898348586,"1.92115475929"
1.95441921353097,1.95442076086151,"2.03330502777"
1.97864466430403,1.97855179310524,"1.93928757801"
1.89293827557159,1.89296520326137,"2.07461342534"
1.8808261930439,1.8808261930439,"2.16591681515"
1.93501711005162,1.93500445336157,"2.02049131163"
2.03286962191004,2.03288220543483,"1.90742403985"
1.93540717242205,1.93540765382929,"2.09692436142"
1.99967208539539,1.97323560805572,"1.98542617522"
2.04100132598805,2.04105459355635,"1.90528954623"
2.03995679354535,2.03995679354535,"1.88605296508"
1.97002683877749,1.96870629068147,"2.11860147965"
1.94263120905972,1.94263120905972,"1.89612750917"
2.05037083453721,2.05045309679074,"1.90495327351"
1.99357384782039,1.99329925735672,"1.91876152773"
2.02994031526469,2.02994031526469,"1.89187021347"
2.01587859776853,2.01587859776853,"1.89736488981"
2.02772662565857,2.02142318367917,"2.00186606761"
2.1771303493433,2.1771303493433,"1.93823384854"
2.00405812893623,2.00030622588451,"1.8902204846"
1.98000525295581,1.97997223550344,"1.94632472416"
1.90348033405153,1.90351975863722,"2.0633725572"
2.01219337468974,2.0168950594337,"1.93592572069"
2.00187227714565,2.00179895210556,"1.9354222276"
1.86718643264816,1.86718643264816,"2.03019688932"
1.93873883789628,1.93874610332744,"2.01606193399"
1.89293809009435,1.89293809009435,"1.97468937762"
1.94184635199246,1.94184635199246,"1.90637942682"
2.01256860229278,2.01256860229278,"1.89803244377"
1.94184635199246,1.94184635199246,"1.90637942682"
1.94743969860429,1.94758190286057,"2.03525050037"
1.94967586527788,1.94996685549982,"2.03507046508"
1.93829726091089,1.93875233184865,"2.03525819966"
2.02413390519793,2.02406773757161,"2.04516415089"
2.02120548177461,2.0211759498018,"2.04249915373"
1.95973386766382,1.96089589081166,"1.94759183568"
1.92625650346676,1.92423308431271,"2.11899788641"
1.99498860064643,1.99498860064643,"1.86828427864"
2.06469484026056,2.0647193355697,"1.99564286685"
1.97403756115987,1.97392500942885,"1.92016537379"
2.07095782027771,2.07097612185823,"1.99339651537"
1.97241453128636,1.97228135887872,"1.91451442478"
1.99285016502143,1.9928651676006,"1.91755172438"
2.0025027114551,2.00253322104054,"1.91477272022"
2.03838794193721,2.03090225594482,"2.01523265458"
2.03562581986003,2.02856086076368,"2.0118071287"
1.94868974649308,1.94882853448849,"1.99933866608"
1.99640862014578,1.99640862014578,"1.90292991525"
1.97928215513651,1.97928215513651,"1.90976859827"
1.93248673408784,1.93092968050909,"2.04124703594"
1.93090070787,1.92947840381,"1.93092035899"
1.96629202921,1.96767328605,"1.93244354851"
2.4665788655,2.54750666357,"1.88490618083"
2.04085050505,2.03559328481,"1.96967839316"
2.27630077271,2.06534654469,"2.04857927852"
2.39756235631,2.4277685985,"1.92627364502"
2.14386181592,2.04153516153,"2.0846191702"
1.98586962227,1.98461971662,"2.00506426062"
1.87186856371,1.93894045727,"1.99953353408"
2.08637314247,2.24153809308,"1.89492977002"
2.14685861109,2.14685861109,"1.93523268536"
2.04419869464,2.28805344668,"1.95251750258"
2.06920705059,2.07937224891,"2.21730553934"
1.92678129042,1.93403867598,"1.91184469454"
1.95668437406,2.05261251687,"2.02922913607"
1.96750147135,1.90072753915,"1.9027963351"
1.81710851618,2.6077395619,"1.92150337975"
2.14167004267,2.00257587603,"2.43676274941"
1.96454993351,1.88675923939,"1.91541183258"
2.34326100082,1.97479124994,"2.10798570308"
2.44058497117,1.99127364676,"2.06710230608"
1.98126121736,1.89338101856,"2.0303937676"
2.48118710023,2.18506940557,"1.93459337239"
1.91870075726,2.44549504803,"1.90976586144"
2.39619530457,2.29590177487,"2.03077128537"
2.04224453607,1.91953966186,"1.85023106462"
2.15414262141,2.27837789435,"2.14777506293"
2.33224905231,2.09824723217,"1.92226865897"
2.25445590771,2.2906530837,"1.92548329444"
2.20311104583,2.02158571102,"2.10593081885"
2.32681387319,2.11988676717,"2.0090839985"
1.78899575937,2.10720478274,"2.06926552072"
2.01458131014,1.96807828334,"1.93033426744"
2.3968062884,2.35554715889,"2.4227036413"
2.51435644027,1.86438251248,"2.42179710788"
2.22243881822,2.02219547676,"2.11822591564"
2.58881022642,2.23072736805,"1.91857329873"
2.04066325885,2.04727929956,"1.99111876994"
2.37898366903,1.91129743898,"1.99548320348"
2.35445054767,2.10971874402,"2.04029408123"
2.09164823607,2.03235973749,"2.13639184233"
2.10066503372,2.34031353824,"1.85674155227"
2.35089331396,2.10031485301,"1.92709484897"
2.45327958537,2.06913126019,"1.9918433049"
2.71922388266,2.71922388266,"2.15654137819"
2.84449676198,2.2470147164,"1.9280726403"
2.05076034554,1.84945181259,"2.3223461372"
2.31092571645,2.00512607005,"2.142662295"
1.91233336823,1.91233336823,"2.00772532529"
2.01932323434,2.136956311,"2.01660662133"
2.34646815881,1.98122977673,"1.95284744018"
2.16257259044,1.96335430548,"1.96762613386"
2.13602964847,1.88766237141,"2.41322086217"
2.333872647,2.12846298649,"2.40681526636"
1.97798621083,1.97798621083,"1.99246909345"
2.28756085425,1.98139400017,"2.11970807611"
1.85214677527,1.98008752682,"2.51905370704"
2.17160537901,1.91775893579,"2.64554365512"
2.22762615224,2.09984501437,"2.02452932589"
2.02283188588,2.02283188588,"2.38465900328"
2.11458895306,2.10420905866,"2.38392066883"
2.57682730037,2.13930261378,"2.58025382348"
2.00272681966,2.26180905568,"1.93103017299"
1.88137899346,2.24439792196,"1.85790884938"
2.69343836346,1.90460979673,"1.99473468632"
1.89526715201,2.22390329153,"1.90930733585"
2.33833170542,2.03900213736,"2.09836264755"
2.39907445401,2.22815124805,"2.10042622468"
2.01970238929,2.01970238929,"2.33108615669"
2.3511705492,2.04484206427,"1.97637177115"
2.04657862952,1.91740219889,"2.12162170721"
2.31695171446,1.79435934557,"2.03523140988"
2.15298757323,1.97114058076,"2.03830492237"
2.07442154241,1.93692859755,"1.96174161937"
2.26727048032,1.95662918905,"2.5109027921"
2.02218157443,1.90685669107,"1.91300183045"
1.86063605864278,2.10514244492989,"2.03555987117"
2.0278096966181,2.02781750167646,"1.93461771568"
1.92395172141625,1.91024206873869,"1.9346628647"
1.90449283660603,1.90456039799149,"1.94116162857"
2.0669653247,2.06705518462,"2.13533101183"
1.98975578943059,1.98993961523109,"2.04368108786"
1.88618586135887,2.03412057043183,"1.93516800956"
1.88516742748,2.37096590613,"2.05529071994"
2.14319400867,2.12947053611,"2.13359103196"
1.95429498805951,1.9542847960996,"1.93610042365"
1.96485602247901,1.96468292232229,"1.9688568894"
1.96841938921943,1.96843129212542,"1.97587445096"
2.30491310374,2.35812982895,"2.03928838594"
2.13060424562,2.09030530085,"2.0926532677"
1.95963566371154,2.11280213623808,"2.14635983826"
2.09454031636,2.09739797579,"2.08129965732"
1.93329602066325,2.05634175526766,"2.12566786698"
2.06189677642,2.06477999672,"2.0950508185"
1.99831953374165,1.93733356281538,"1.95425998613"
1.87136671842,1.99801799464,"1.9439679607"
1.96655970103917,1.97166409876162,"2.04109121973"
1.92314924313333,2.16175606046999,"2.08263718115"
2.08265837766,2.08332616702,"2.11034836585"
2.12927327367318,2.14616948823056,"2.13204091733"
2.1153184267685,2.08768541883944,"2.05095493119"
1.92171762068,1.92260678303,"2.02550873342"
1.98563938951008,1.985141113415,"2.13738368371"
2.02506308240098,2.02507698439008,"2.02504531917"
2.00479252471383,2.00479533351396,"2.03177709389"
2.02936733900103,2.02936824961405,"2.02935933816"
2.19612604813,2.17307635818,"2.07842167768"
1.95112167742136,1.95089229177101,"2.03804364821"
1.95325922346164,1.95311400083536,"2.02799791372"
2.00931883432065,2.0092972736598,"2.01553768878"
2.0455362438,2.04523799293,"2.08065964257"
2.02920933497816,2.02926049710875,"1.93710961642"
1.97586231628,2.29807930205,"2.06509364329"
1.94930716220149,1.92900652971168,"2.02662763889"
1.88624746770987,2.17365674256684,"2.04545494294"
2.51695650230731,2.55029554886835,"1.9796013997"
1.98089284517095,1.98086949233823,"2.11214719508"
2.09165435469,2.0334075407,"2.10395658138"
1.9829193955,1.97940078748,"2.04947941614"
2.05249367353838,1.92958032119796,"1.9894963564"
1.98335517889,1.98111756433,"2.03010061931"
2.11722161155182,2.11712984873629,"1.92790723768"
2.16733540989,2.51769647829,"2.06078723472"
2.02607564358448,2.02592088763743,"1.97804017871"
1.87856165049442,2.22718322631192,"2.02274467278"
2.03710829513,2.03754852407,"2.06539272373"
2.08883283714349,2.08764059449153,"2.09188525384"
1.97801623858,1.97908159404,"2.01207565261"
1.99809694522844,1.99798126077122,"2.16082605358"
1.91068409242,2.10761925318,"2.00797102157"
1.93401669090946,1.93386660949992,"1.9724796896"
2.18430377378,2.2197555281,"1.97472730337"
1.98625811642,2.0268810823,"2.0582719352"
1.94441582195592,1.94392385958072,"1.96749705893"
1.97167541439989,1.97170475664251,"2.27494655987"
2.13685245261613,1.96156117830688,"2.04679981861"
1.92563825121891,1.92552097159276,"1.92560287389"
2.2070813649,2.01926459147,"2.14967018662"
2.03498537606311,1.98573264924649,"2.01749980656"
1.97525427676499,1.97525387099912,"1.97525434334"
1.97904851669,1.98136097694,"1.9524248234"
2.16594129206,2.168386359,"2.17226454047"
2.09687691185378,2.09667949098781,"2.0930612995"
2.07578860531534,2.07578860531534,"2.07349839235"
2.07976515967,2.07976515967,"2.07453401942"
2.07677930857033,2.07677930857033,"2.07619759366"
1.98926471206622,1.98926471206622,"1.99222616379"
2.1482255992691,2.1482255992691,"2.14808412332"
1.99921997667877,1.99921438668115,"1.99800988521"
2.00254199112577,2.00251712806512,"2.00146430606"
2.09164670483033,2.09169297730987,"2.08952033513"
2.0903251280471,2.09012524954521,"2.08591850337"
2.09310940969895,2.09290551628899,"2.08892894359"
2.08026792422,2.08026792422,"2.0749469685"
2.08065779927,2.08065779927,"2.07486193027"
2.14378957574956,2.14378957574956,"2.1436565154"
1.99620353909987,1.9962095709175,"1.9950648458"
2.08721726971832,2.08726698115397,"2.08540839162"
2.08269750762281,2.08283238082486,"2.08104159115"
2.10464322679221,2.10464322679221,"2.10199296454"
2.10914481302549,2.10914481302549,"2.10630503554"
1.99352662003605,1.99355683629151,"1.99242461809"
1.99124723857098,1.99095438741746,"1.99016807514"
1.98888982011176,1.98882396626044,"1.98784330883"
2.07178300924306,2.0717914664384,"2.07104639619"
2.07748163037506,2.07752880782635,"2.07623072524"
2.13942269241399,2.13942269241399,"2.13931653916"
2.09530100925865,2.09530100925865,"2.09299666064"
2.10041975250309,2.10041975250309,"2.09789272419"
2.0808350213,2.0808350213,"2.07998316045"
2.06563202823679,2.0656152415031,"2.06559738345"
2.06003024552784,2.06001892973822,"2.05909061467"
1.9845759880468,1.98458095374574,"1.98697523625"
2.09099758395188,2.09099758395188,"2.08934222055"
2.08762151081491,2.08762151081491,"2.08577306538"
2.15750114338798,2.15750054411328,"2.15976732694"
2.1540045253666,2.15401439264565,"2.15649140004"
2.02247167351389,2.02234701074828,"2.02284518827"
2.07702667392,2.07702667392,"2.07539232698"
2.15304808815126,2.15304808815126,"2.15284430826"
2.13634724826766,2.13478889590889,"2.13487658486"
2.14508967682815,2.14509028745817,"2.14810432751"
1.99271098312252,1.99271098312252,"1.99568392359"
2.08419096328253,2.08419096328253,"2.08270567371"
2.01760963444057,2.0173958236436,"2.01927130558"
2.015987476427,2.01585429815533,"2.01539065102"
2.11010798759768,2.10517438855595,"2.1092684896"
2.07410717625268,2.07410717625268,"2.0760219681"
2.14405622340756,2.14249726819581,"2.14257041438"
2.14001923380512,2.13852642360696,"2.13857421179"
1.97802196000485,1.97802196000485,"1.97612891241"
1.97802196000485,1.97802196000485,"1.97612891241"
2.08643951625571,2.08621896602409,"2.08159620197"
2.16521358188692,2.16520736902723,"2.16701039191"
1.98624835824516,1.98624835824516,"1.98888892886"
2.11395630034719,2.10877159557122,"2.11337795937"
2.01098732133937,2.01078280807706,"2.0099402409"
2.11877263122875,2.1128285975378,"2.11809180538"
2.14817206952134,2.14677437324471,"2.1468601976"
2.15256305726672,2.15116280094312,"2.15119365976"
2.13384499516659,2.13384499516659,"2.13442852052"
2.13108083253714,2.13108083253714,"2.13105170169"
1.9739396610187,1.9739396610187,"1.97358901934"
2.16303913067337,2.16303850690865,"2.16496845386"
2.13,2.13,"2.13"
2.14996985338316,2.14997799370437,"2.15270056347"
2.16159364795587,2.15996650707624,"2.16006519808"
2.15700967122192,2.15560249696078,"2.15564098651"
2.07589866582959,2.07589866582959,"2.07788814957"
2.12716020700472,2.12716020700472,"2.12721829394"
2.07998801343549,2.07959955257177,"2.09064618249"
2.09101568724436,2.09068099787185,"2.08550191812"
1.96460579634464,1.96460001950693,"2.03990240236"
2.08958067835368,2.08943421498953,"1.93118379537"
2.01537130441016,2.02105007895598,"1.95467488629"
2.00326920543883,2.00319682743936,"2.04624382691"
1.98831367227757,1.98828573208375,"2.04236520067"
2.03142137628448,2.03150566882397,"2.09044229953"
2.0471552620675,2.0471719722599,"2.0839760569"
2.06750201171167,2.06719407279797,"2.09614854434"
2.05399991928214,2.0537325528882,"2.10211876182"
2.08753737819949,2.08959204908009,"2.05753380454"
2.08599764408089,2.08592761140784,"1.92818275711"
2.06253077549183,2.0621181077945,"2.07792232721"
2.0244692180471,2.02426761350363,"2.11553160644"
2.03917236612117,2.03892189503346,"2.10865927066"
2.10460450323079,2.10693757522721,"2.04114545225"
2.09577582267616,2.09796776529795,"2.04944688224"
2.19776682050839,2.19772719831415,"1.97996319158"
2.19391246359118,2.19397709590024,"1.98212192224"
2.16901590593125,2.16899708977833,"1.99274457341"
2.10851109243675,2.10832935111047,"1.94882474774"
2.10443440332123,2.10422891880232,"1.94501265775"
2.0687510324823,2.06876569801715,"1.95983769288"
2.16916526577792,2.16846498881172,"2.12437108406"
2.07994815321165,2.07993526885339,"1.95507690069"
2.0530379538409,2.05307576672511,"2.08716666826"
2.13259549230754,2.13057555881571,"2.14251787831"
2.14693234926349,2.1451319184876,"2.13603439005"
2.20031408103425,2.20029857003569,"1.9779976803"
2.09726343630151,2.09692195959312,"1.93768702895"
2.08890205699384,2.08893739295702,"2.06717704818"
2.10030390617752,2.100351010492,"1.95069580561"
2.17869376469468,2.17837481596856,"2.11903229479"
2.06555820754053,2.0655606496427,"2.07363708528"
2.05901957081083,2.05904568071109,"2.08076738687"
2.15840464951468,2.1576117096451,"2.13016254042"
2.17772498667443,2.17770740888775,"1.98964598944"
2.07999817340642,2.08191296418729,"2.06519215041"
2.07622847928616,2.07615659303735,"2.07235672377"
2.19004088332462,2.19001718680157,"1.9844497721"
2.18461307662721,2.18456976533451,"1.98694479047"
2.18706540115212,2.18659651625152,"2.11382645534"
2.19486405571575,2.19443698679174,"2.10896968008"
2.10127172817972,2.10117739461414,"1.94123515336"
2.01546413226403,2.01548338464735,"2.09741808786"
1.99970412253165,1.99971408334643,"2.10484755742"
2.10090866462852,2.10058628209855,"2.08067424731"
1.97550987330851,1.97547609425157,"2.04030407113"
2.08915483624452,2.08915539638663,"1.95102945229"
2.06337993560872,2.06336656804483,"1.95854946926"
2.0752758401893,2.07523494275663,"1.95147812245"
2.05262474430165,2.05267347050927,"1.96547407014"
2.03426506506536,2.03427503939641,"1.97871790634"
2.04310743437481,2.04311900823697,"1.97224579358"
2.11095359382776,2.11141903548528,"1.93587996991"
2.08810911502158,2.08806054070255,"1.94458011541"
