0.0464593209326267,0.0261998660862446,-0.00275642308406532,0.0064942454919219,-0.00782875344157219,-0.00778616592288017,-0.00267704389989376,0.0395419038832188,0.000177144756889902,0.00293022021651268,-0.00414154771715403,-0.00183681934140623,0.00188797293230891,-0.0517426542937756,-0.0199928898364305,0.00460590608417988,0.0252586454153061,0.103650517761707,-0.00718162674456835,-0.0330760292708874,0.000729324470739812,-0.0070110303349793,0.001870057429187,-0.0140189435333014,-0.0361178740859032,0.00290512060746551,0.0381535291671753,0.00572230713441968,0.0708534196019173,0.00888844672590494,0.00400610035285354,-0.00782447773963213,0.0022829957306385,0.00226471899077296,0.0918609350919724,0.006897556129843,0.0597578883171082,0.0572191700339317,0.0264609958976507,0.015852227807045,0.0160199869424105,0.0689609497785568,-0.0067547638900578,0.0766079127788544,0.100115619599819,0.000175572669832036,0.0579690858721733,0.00557486666366458,-0.00189566903281957,0.0942239761352539
0.132810711860657,0.0411138907074928,0.053389236330986,0.0132189700379968,-0.0685659050941467,-0.0750914365053177,-0.0785252675414085,0.134747788310051,0.0249404106289148,-0.0155014470219612,0.0391021333634853,-0.0481609590351582,0.0165523309260607,-0.149271458387375,0.0215167608112097,-0.0150638790801167,0.118923455476761,0.247579842805862,-0.030698886141181,-0.115011006593704,0.0141554521396756,-0.0239496286958456,0.0564549118280411,-0.0152025343850255,-0.00883130077272654,0.0320826098322868,0.101910695433617,-0.0455560050904751,0.114006139338017,0.0324833318591118,-0.0308261178433895,-0.0176696367561817,0.0369670055806637,0.00696182437241077,0.201637014746666,0.0118347276002169,0.171587571501732,0.1275544911623,0.134561151266098,0.0243682935833931,0.11259126663208,0.119280159473419,-0.0169563125818968,0.171619862318039,0.178248167037964,0.0129969827830791,0.079841747879982,0.0429377853870392,-0.0359316095709801,0.169386327266693
-0.00199785362929106,0.000306712521705776,0.000231860671192408,0.00031541200587526,-0.00155205966439098,-0.000444408098701388,-0.000356037548044696,-0.00168940622825176,0.0014218051219359,-0.000580270250793546,0.00175093917641789,0.000190162594662979,0.000604518572799861,-0.0029841756913811,0.000520636851433665,0.00206361874006689,0.00183995277620852,0.000548306154087186,0.00233892351388931,0.00280833500437438,0.000532059988472611,-0.00231838459149003,0.00086709251627326,0.00176223134621978,0.000710875319782645,0.000442821008618921,-0.00219212402589619,0.00123972003348172,-0.00127646862529218,0.000414618290960789,-0.000143096112878993,-0.00102722924202681,-0.00045728383702226,0.00363432941958308,-0.000352664937963709,-0.00145553820766509,0.0018548252992332,-0.000906581641174853,-0.000106918159872293,-0.000473464548122138,-0.00174172152765095,0.00188062328379601,-0.00117032579146326,0.00184044882189482,-0.000139504598337226,-0.000732715823687613,0.00547192478552461,0.0012366974260658,-0.00222158548422158,0.00148231792263687
-0.00438178703188896,-0.00229505286552012,-0.00206924299709499,-0.00315103959292173,0.00127037370111793,0.00105664122384042,0.000170397805050015,0.0055821998976171,0.00279484060592949,0.00239466619677842,-0.000264595611952245,-0.000995200243778527,0.000404987105866894,-0.00109069782774895,0.0014322669012472,-0.00188437150791287,-0.00647509470582008,0.000436197937233374,0.000570969888940454,0.000947503780480474,-0.000745759694837034,0.00158072728663683,0.000552954559680074,-0.00254015508107841,-0.000421748874941841,0.000691736524458975,-0.000464460288640112,0.000562338274903595,0.0023757410235703,-0.000462903553852811,0.0000582353641220834,-0.00172081077471375,0.00190155499149114,-0.00327066169120371,0.00226814043708146,0.000906873843632638,-0.00193164998199791,0.00372776947915554,-0.0022205647546798,0.000669133558403701,-0.00541515462100506,-0.000463352509541437,-0.00162761507090181,-0.00238476973026991,0.00251882639713585,-0.000913145893719047,-0.00580114126205444,0.000992760411463678,-0.000752050604205579,0.00124230107758194
-0.00133010861463845,-0.000736334535758942,0.00112122006248683,-0.0000342103703587782,0.00153197592590004,-0.00148492911830544,-0.00223749759607017,0.00202330481261015,0.000787850527558476,0.00313384714536369,-0.00174298963975161,0.00107896164990962,0.000217689041164704,-0.0017226452473551,0.00216730241663754,0.00157393771223724,-0.00150534557178617,-0.00162542948964983,-0.000622875115368515,-0.00143645540811121,0.000624469364993274,-0.00116589048411697,-0.0000262562298303237,0.000196018139831722,0.00148936151526868,-0.00146930012851954,-0.0011284431675449,-0.000426602869993076,0.00158051040489227,-0.00127167731989175,0.000534020422492176,0.0020057640504092,0.000486057775560766,-0.000286218768451363,0.000657474622130394,-0.00102539290674031,-0.000374897703295574,0.0011716716689989,0.000757587433326989,0.00093764322809875,-0.00466864323243499,-0.00152438192162663,-0.000250377197517082,0.001490757917054,0.00149954797234386,-0.00164135021623224,0.0000819254637463018,-0.00209810677915812,-0.00157036527525634,-0.000593355332966894
0.0937346816062927,0.0307686198502779,0.0158771499991417,0.0136223444715142,-0.0356463417410851,-0.0124300653114915,-0.0238210875540972,0.0777432844042778,0.00704127876088023,0.00768830860033631,-0.000819307577330619,-0.0106376688927412,0.0235093105584383,-0.115223079919815,-0.0231442339718342,-0.00994700007140636,0.0740476697683334,0.191979676485062,-0.0285908039659262,-0.0866948366165161,0.0106280306354165,-0.0140130519866943,0.0224269293248653,-0.0174083076417446,-0.058465588837862,0.028088828548789,0.054486121982336,-0.00515093142166734,0.127205684781075,0.0245390720665455,-0.00254388945177197,-0.00952887162566185,0.0107685048133135,0.00607340876013041,0.162807211279869,0.00802192836999893,0.153997674584389,0.111565880477428,0.0848231762647629,0.0337354578077793,0.0555530302226543,0.128707230091095,-0.00565738556906581,0.164642989635468,0.188255861401558,0.00249265949241817,0.115882590413094,0.00855090189725161,-0.00105578929651529,0.169851168990135
0.220739021897316,0.0512640029191971,0.0421521551907063,-0.0135950595140457,-0.0498548857867718,0.0137488329783082,-0.00723388371989131,0.0283491108566523,-0.0172147527337074,0.0003007547929883,-0.0278949551284313,0.00291377818211913,0.0000635917676845565,-0.0523095168173313,-0.0286991354078054,0.00201878161169589,0.176953956484795,0.129866153001785,-0.0202715266495943,-0.201573416590691,-0.022914657369256,-0.0154815055429935,-0.00816195923835039,0.000131299326312728,-0.0679057091474533,0.0135944848880172,-0.0189775414764881,0.0172660071402788,0.0855972468852997,0.0182632133364677,0.00405581900849938,0.0174763426184654,0.00419098325073719,-0.0250100344419479,0.0763435736298561,0.0230886153876781,0.274244606494904,0.0748139470815659,0.171985059976578,0.00250706379301846,0.149557173252106,0.104248188436031,0.0537185221910477,0.150256484746933,0.153280943632126,-0.0105123529210687,0.110751673579216,0.0199334640055895,0.0312221571803093,0.190235659480095
0.00945995841175318,0.161749958992004,-0.116669215261936,-0.149922221899033,0.154686152935028,0.147613644599915,0.144128039479256,-0.00588839640840888,-0.16024674475193,0.144063174724579,-0.0997904986143112,0.158086821436882,-0.141796827316284,-0.0195997674018145,-0.140666708350182,0.130970269441605,-0.0640431046485901,-0.149462223052979,0.145170941948891,-0.0219725966453552,-0.161762818694115,0.150237202644348,-0.166768088936806,0.175151258707047,-0.170326218008995,-0.126538142561913,-0.0637753084301949,0.159988030791283,-0.211008340120316,-0.136898264288902,0.172750324010849,0.170957148075104,-0.131945312023163,-0.171757206320763,-0.00352373020723462,0.126726672053337,0.0373612344264984,-0.16059173643589,-0.06649000197649,-0.173792868852615,-0.0613948106765747,0.108719050884247,0.0301701091229916,0.100733727216721,-0.198786273598671,-0.138271048665047,0.124253898859024,-0.14179801940918,0.165114983916283,0.0360991731286049
-0.00188776582945138,-0.000141079843160696,-0.00154667312745005,-0.00244388706050813,-0.00226080045104027,-0.00130213459488004,-0.000458200491266325,-0.000345735403243452,0.00272172619588673,0.00196990091353655,-0.000504421885125339,0.000309105234919116,0.000638821395114064,-0.00528407702222466,0.00156469584908336,0.000687188701704144,-0.00194305588956922,0.00246767979115248,0.00236278842203319,0.00236842525191605,0.000177417692611925,-0.000249800301389769,0.00102577614597976,-0.0000107922560346196,-0.000978719675913453,-0.000504872354213148,-0.00187398318666965,-0.000426987680839375,0.00188426859676838,0.000119628479296807,-0.000426721730036661,0.000867431866936386,0.000500703405123204,-0.000499432266224176,0.00163232837803662,-0.00174154329579324,0.00142807059455663,0.00153531134128571,-0.00142343435436487,0.00152425630949438,-0.00229865615256131,0.000717754010111094,-0.000978967407718301,0.00137441384140402,0.00545710092410445,-0.00212125107645988,0.00309660471975803,-0.00195825332775712,-0.00264974287711084,0.00120017060544342
0.0594231598079205,0.0296199470758438,0.00149223185144365,0.014855157583952,-0.0169685333967209,-0.00504759652540088,-0.00608743913471699,0.0432311296463013,0.00411205552518368,-0.000855277583468705,-0.00587899750098586,-0.00443636486306787,0.00703540071845055,-0.0661322101950645,-0.0211836080998182,0.00148887594696134,0.0373227261006832,0.112583518028259,-0.0146242072805762,-0.0402914471924305,0.00214874790981412,-0.00374717079102993,0.000150165753439069,-0.0173024702817202,-0.040165901184082,0.00877001229673624,0.0457645580172539,0.0108017968013883,0.0874305441975594,0.0113623030483723,0.000990900094620883,-0.0072360672056675,-0.00152225233614445,0.00560102099552751,0.104422129690647,0.00521266646683216,0.0698599889874458,0.0687280669808388,0.0362525582313538,0.0243900548666716,0.0226082522422075,0.0829266533255577,-0.00503912288695574,0.0930282101035118,0.112166695296764,-0.00432616611942649,0.073221929371357,0.00351021578535438,0.00391371222212911,0.113634452223778
0.0962748005986214,0.037773996591568,0.0272533912211657,0.0264703445136547,-0.0440667979419231,-0.0193097032606602,-0.0306170433759689,0.0685811191797256,0.0128942150622606,-0.00238914508372545,-0.00158622430171818,-0.0144204208627343,0.0266114268451929,-0.118366971611977,-0.0160465184599161,-0.00700294086709619,0.0762755647301674,0.182112902402878,-0.0410255789756775,-0.093403086066246,0.0124697647988796,-0.0172115992754698,0.0116199916228652,-0.0267384853214025,-0.0427079312503338,0.028246795758605,0.0549311116337776,-0.00850657373666763,0.12179934233427,0.0223642606288195,-0.00728368852287531,-0.00398133834823966,0.0189525634050369,-0.00106413685716689,0.15828113257885,0.00941311195492744,0.156999886035919,0.112305775284767,0.0959577932953835,0.0306941475719213,0.0545642264187336,0.118875987827778,0.000423742487328127,0.164754748344421,0.178661912679672,-0.00707640871405602,0.110740661621094,0.0141706252470613,0.00146447261795402,0.166449144482613
-0.0927424058318138,-0.0372394472360611,-0.021637974306941,-0.0188272465020418,0.0364564992487431,0.0146168060600758,0.0349847190082073,-0.076680600643158,-0.012574790045619,-0.00207464885897934,-0.00366650219075382,0.011269043199718,-0.0285300277173519,0.108627833425999,0.0261680074036121,0.0100290421396494,-0.0719280689954758,-0.185636937618256,0.0370687022805214,0.0759315192699432,-0.0101787792518735,0.0218117907643318,-0.0153677202761173,0.020510945469141,0.0522223897278309,-0.0316936150193214,-0.0533694736659527,0.00472344178706408,-0.133931592106819,-0.0288435444235802,0.00337194441817701,0.00993091333657503,-0.0125443320721388,-0.00222877971827984,-0.157545611262321,-0.0123520316556096,-0.148072928190231,-0.120522394776344,-0.0924506038427353,-0.0329057760536671,-0.050422415137291,-0.138661414384842,0.00199288921430707,-0.164333313703537,-0.189264938235283,0.000554893631488085,-0.116045385599136,-0.00769827980548143,-0.00727868219837546,-0.16978619992733
0.00054088095203042,0.000269968033535406,0.00135204161051661,-0.00303316581994295,-0.00185424613300711,0.0029005235992372,0.00277737807482481,0.000101254190667532,0.000347037421306595,-0.000248850061325356,-0.000857324281241745,0.000168541213497519,-0.0010848802048713,0.00172007700894028,-0.000805163697805256,-0.00119645765516907,-0.000693195033818483,0.00226653809659183,-0.00155771791469306,0.00310986861586571,0.0000433875648013782,0.000457535701571032,-0.000734605535399169,-0.000387512089218944,0.000162449316121638,0.00194492656737566,0.00064790336182341,-0.00203060219064355,-0.00157538743223995,0.00151364400517195,0.000684992293827236,-0.000166568381246179,-0.000755731714889407,-0.00181836530100554,-0.000458013848401606,0.000903083418961614,0.00108177575748414,-0.000240699431742541,0.000119963428005576,-0.00143451348412782,0.00333409756422043,-0.00129591615404934,0.0017497279914096,-0.00313910399563611,-0.000337074394337833,0.00229557463899255,-0.00429660035297275,-0.000454544991953298,0.00141653011087328,-0.000812186510302126
-0.0884039029479027,-0.268187075853348,0.215259328484535,0.259789258241653,-0.213157802820206,-0.241604790091515,-0.234339073300362,0.00144378945697099,0.304748088121414,-0.259109169244766,0.189502939581871,-0.289845556020737,0.275615900754929,-0.00946387276053429,0.253733038902283,-0.232254847884178,0.0437625609338284,0.221381887793541,-0.261218756437302,0.11722557246685,0.280698597431183,-0.238756462931633,0.274111121892929,-0.312412530183792,0.251385420560837,0.24749730527401,0.0263192318379879,-0.280542075634003,0.314865678548813,0.247280344367027,-0.282593876123428,-0.277506500482559,0.246958240866661,0.281127989292145,0.0305173005908728,-0.217838317155838,-0.0982568338513374,0.302149295806885,0.0749500691890717,0.289902001619339,0.0691263228654861,-0.204005092382431,-0.0275657009333372,-0.0865308418869972,0.336301237344742,0.242084383964539,-0.211315467953682,0.239913463592529,-0.281398802995682,-0.100381024181843
0.119701586663723,0.0258176289498806,0.0344558991491795,0.0308353919535875,-0.0518532693386078,-0.0383443459868431,-0.0605612806975842,0.094418853521347,0.0184613838791847,-0.0180032402276993,0.0118927694857121,-0.0261617135256529,0.0301551390439272,-0.148677080869675,-0.0254507269710302,-0.0226343534886837,0.100487388670444,0.249499708414078,-0.0482815839350224,-0.103002674877644,0.0215441267937422,-0.0245649982243776,0.0422364100813866,-0.029422715306282,-0.035847369581461,0.0327759645879269,0.0798540338873863,-0.027971513569355,0.134377419948578,0.0477564334869385,-0.0229575298726559,-0.0126478299498558,0.0282504949718714,0.00789142120629549,0.194849982857704,0.0094739431515336,0.185664594173431,0.139657020568848,0.123603090643883,0.0363131724298,0.0777534618973732,0.142615959048271,-0.00734382960945368,0.188439965248108,0.215702772140503,-0.00203309045173228,0.105167180299759,0.0258166790008545,-0.0196598619222641,0.18654228746891
-0.00389129156246781,-0.00077913561835885,0.000543208385352045,-0.00184904795605689,-0.000254878483247012,-0.00049464829498902,0.000977814197540283,-0.000857231148984283,0.00231979647651315,0.00186795531772077,0.00252563785761595,0.00112153845839202,0.000195886488654651,-0.00402948493137956,0.00126744341105223,0.00324220699258149,-0.00119088101200759,0.00268592382781208,0.00172998826019466,0.00282625760883093,0.000371991540305316,0.00068888469832018,0.00177781376987696,0.0020958143286407,-0.00111026410013437,-0.000395302980905399,-0.00164015230257064,-0.000129241103422828,0.00141518726013601,-0.0000381021854991559,-0.0013341975864023,0.00180255877785385,-0.00194936397019774,0.00274170376360416,-0.00154349242802709,-0.00208834791556001,-0.000259973661741242,0.00108669092878699,-0.000410327134886757,0.00112800823990256,-0.00367102329619229,0.00121964048594236,-0.00159663648810238,0.000366178486729041,0.00255097704939544,-0.00124359200708568,0.00348432897590101,-0.00160361500456929,-0.00287430733442307,-0.0014749082038179
0.00411404808983207,0.00152751326095313,0.00166432757396251,0.00281876767985523,-0.00140645715873688,0.000457068003015593,-0.00000301048908113444,-0.00416259514167905,-0.0017841529333964,-0.00246423180215061,0.000792969891335815,0.00144112703856081,0.000335490389261395,0.00590341491624713,-0.00275086378678679,-0.000132179528009146,0.00241389079019427,-0.00301901833154261,-0.000342861545505002,-0.00225721369497478,0.000403869606088847,0.00121581566054374,-0.00195344630628824,0.00235729850828648,-0.000179969196324237,0.000936317024752498,0.00136886874679476,-0.000765871140174568,0.000549251271877438,0.00057418568758294,0.00254301633685827,-0.000896088255103678,-0.00176547490991652,-0.00144746445585042,-0.00316294003278017,0.00140043394640088,0.00166183058172464,-0.00199974980205297,0.00317727820947766,-0.00178915110882372,0.00600986229255795,-0.00104344659484923,0.00324309151619673,-0.000556807266548276,-0.00314489961601794,0.0040942789055407,-0.00256201974116266,0.00214181607589126,0.0039917672984302,-0.00328553118743002
-0.135803356766701,0.0201240479946136,-0.0596442110836506,-0.0382490195333958,0.0165192726999521,-0.0133374650031328,-0.0137322368100286,0.282529771327972,-0.020246459171176,0.0407135486602783,-0.0381153710186481,0.0121222278103232,-0.0139553397893906,-0.242620900273323,-0.0356364175677299,0.0495620667934418,-0.112994499504566,0.00970171112567186,0.0432768613100052,0.133960157632828,-0.0338771753013134,0.0673186853528023,-0.00189289182890207,0.0262113530188799,-0.003010488813743,-0.0710350796580315,0.315067321062088,0.0129226073622704,0.000655346026178449,-0.0574614219367504,0.00869552884250879,0.0122483456507325,-0.0601645335555077,-0.00903641525655985,0.371419429779053,0.035084206610918,-0.0426603592932224,-0.038377832621336,-0.151607900857925,-0.00266302330419421,-0.108523570001125,0.103555433452129,-0.231086358428001,0.0395671837031841,-0.00063017982756719,-0.0574606843292713,0.0637254491448402,-0.0533367246389389,0.0202178880572319,0.219840347766876
0.000899556267540902,-0.000572415417991579,-0.00422633811831474,0.0017147755715996,0.00267989910207689,-0.00104362622369081,0.000015434005035786,0.0016219113022089,-0.000633997085969895,-0.000201041213585995,0.000125513048260473,0.000714090245310217,0.000312914926325902,0.000840872758999467,0.0000545512375538237,-0.00281557044945657,-0.00188651122152805,-0.00071343156741932,-0.000347653141943738,-0.00457795243710279,-0.000240374545683153,0.00116204377263784,-0.0000166126028489089,-0.00189123454038054,-0.00147178361658007,-0.00179466977715492,0.00357310636900365,0.002076615113765,0.00113918003626168,-0.00254173367284238,0.000111572786408942,-0.00121057126671076,0.0013897274620831,-0.000666914274916053,0.00160852610133588,0.000405530852731317,-0.00251085869967937,0.00141258747316897,-0.00399377336725593,0.000535126775503159,0.0000833109515951946,0.00139018276240677,-0.000221521811909042,-0.000185948447324336,0.00242460984736681,0.00000784496478445362,-0.0012728211004287,0.00136616488453001,0.00126187095884234,-0.000623238564003259
-0.00309597165323794,-0.00122696382459253,0.00128095503896475,-0.000564349349588156,0.000850737036671489,0.0019638070371002,0.00153360667172819,0.00137541221920401,0.000653264170978218,-0.0011514883954078,0.000226562769967131,-0.000192154446267523,-0.00138074322603643,-0.000211522870813496,-0.00184727285522968,-0.00024550428497605,-0.000157007467350923,0.000945551437325776,-0.000584843568503857,0.00369943375699222,0.0000638086203252897,0.00092819012934342,-0.000569709285628051,-0.000852169701829553,0.000953356851823628,0.00271293125115335,0.00107487919740379,-0.00140682281926274,0.0000645732798147947,0.00120583886746317,-0.0011829084251076,-0.000682585348840803,0.000258906889939681,-0.0003031124942936,-0.000440212694229558,-0.000500219583045691,-0.00185278675053269,-0.00172465527430177,0.00421273848041892,0.000183217882295139,-0.00150539702735841,-0.00403658207505941,-0.00166013394482434,-0.00234349677339196,-0.00317756622098386,0.00127576722297817,-0.00185440643690526,-0.00193608063273132,-0.000367455329978839,-0.000117119328933768
-0.00400244351476431,-0.00222751428373158,-0.000975770584773272,-0.00294641754589975,-0.00116113282274455,0.00310569116845727,0.00245979940518737,0.00226656370796263,0.00371641246601939,-0.000176687259227037,0.00111897219903767,0.00117777823470533,-0.00337539939209819,-0.00145102699752897,0.000747347832657397,-0.00128866638988256,-0.0030152362305671,0.00195563142187893,-0.000805507064796984,0.00336211523972452,-0.0012867507757619,0.00389361125417054,-0.000497934815939516,-0.00353529793210328,-0.000113008325570263,0.00330136902630329,0.00303228572010994,-0.000590769399423152,0.000077312215580605,0.00241296831518412,-0.00155721674673259,-0.00144843233283609,-0.00041282843449153,-0.000649833236820996,0.00247647659853101,-0.00151657429523766,-0.000549635442439467,0.00251360633410513,-0.00341456546448171,-0.000632449809927493,-0.00289469072595239,-0.00302860024385154,-0.00156978599261492,-0.00350435520522296,-0.00141055299900472,0.000536538020242006,-0.00495110033079982,0.00026106892619282,0.00135987356770784,0.00187033822294325
-0.00324766407720745,0.000295544741675258,-0.00258088856935501,-0.000179689639480785,0.00338962278328836,-0.0013762665912509,-0.00321308802813292,0.00103955622762442,0.0019787042401731,0.00383039843291044,0.0014062951086089,-0.000188963444088586,0.000663211743813008,-0.00567179499194026,0.00136644148733467,-0.00100266200024635,-0.000485341181047261,-0.000430676591349766,0.0011824790854007,0.00048455546493642,-0.000993516412563622,-0.00138707994483411,0.00141283764969558,0.00032964296406135,-0.000482152448967099,-0.0014785451348871,-0.0034769750200212,0.000148515464388765,0.00204237503930926,-0.000732206099200994,-0.0016887818928808,0.00126978009939194,0.000923201616387814,0.000470783619675785,0.000978299416601658,-0.00214840308763087,-0.00151469663251191,0.00274791079573333,-0.00238077319227159,0.000454013410490006,-0.0060990541242063,0.000311014562612399,-0.00194713729433715,0.00195264990907162,0.000865887792315334,-0.00366147817112505,0.00237473659217358,-0.00064151658443734,-0.00372911780141294,0.0004250087949913
-0.151482999324799,-0.0381401143968105,-0.0332584492862225,-0.0114252977073193,0.0550114847719669,0.0189197268337011,0.0461971759796143,-0.0829204991459846,-0.00952826905995607,-0.0000579313891648781,-0.00594778824597597,0.0195807181298733,-0.0308247767388821,0.119021400809288,0.0153131345286965,0.00787244271486998,-0.101041913032532,-0.200955674052238,0.033929668366909,0.126225993037224,0.00287760212086141,0.0214830581098795,-0.000526984629686922,0.0219120737165213,0.0428112931549549,-0.0234976168721914,-0.0360799767076969,0.00852198712527752,-0.111884035170078,-0.0295021738857031,0.00525016617029905,-0.00185901159420609,-0.021059999242425,0.00853973813354969,-0.161981463432312,-0.010571158491075,-0.20728126168251,-0.116343915462494,-0.124303877353668,-0.0303182378411293,-0.092534989118576,-0.142802745103836,-0.0120628392323852,-0.180498838424683,-0.190878659486771,0.00427440507337451,-0.116579383611679,-0.00910835340619087,-0.0116784367710352,-0.187568724155426
-0.00164599053096026,-0.00128266110550612,-0.00305773946456611,0.000589322356972843,-0.000321005063597113,0.000183933108928613,-0.000941731035709381,0.00070793111808598,0.000107459483842831,0.00157583004329354,0.000757786969188601,-0.00131607695948333,-0.000234840787015855,-0.000454860622994602,0.000176540721440688,-0.0015687090344727,-0.00170909566804767,-0.000810724799521267,0.00000193701498574228,-0.00145850796252489,-0.000136384536745027,0.000459746865089983,-0.000221209527808242,-0.000802246446255594,-0.00112660590093583,0.000351753435097635,-0.000423946214141324,0.00025922930217348,0.00154124305117875,-0.00195674016140401,0.000212678860407323,-0.000114694907097146,0.00106989790219814,-0.000147427112096921,0.00174628861714154,-0.000329534872435033,0.000044365122448653,0.000925608852412552,-0.000444668694399297,0.000702848075889051,-0.00335241481661797,0.0015825912123546,-0.000950840942095965,-0.0000157681388373021,0.00177055678796023,0.00024505500914529,0.000354423973476514,-0.000157281872816384,0.000200458089238964,0.000246210081968457
-0.136647298932076,0.0421481058001518,-0.0811513364315033,-0.0361619889736176,0.0998732969164848,0.056308101862669,0.0930203124880791,-0.113031946122646,-0.0548562034964561,0.043502002954483,-0.0506725832819939,0.0741246715188026,-0.0453134030103683,0.113013818860054,-0.0634132251143456,0.0380882509052753,-0.159315705299377,-0.214025273919106,0.0414252653717995,0.123344413936138,-0.0346613153815269,0.0543903820216656,-0.0815655440092087,0.026068028062582,0.0326070822775364,-0.0366946011781693,-0.0876861438155174,0.0721470415592194,-0.0906177014112473,-0.0551768951117992,0.0527102202177048,0.0298401527106762,-0.0384953953325748,-0.0383772626519203,-0.142577677965164,0.0129724834114313,-0.160204485058784,-0.127309367060661,-0.137975364923477,-0.0487265065312386,-0.156113162636757,-0.0925594046711922,0.000315423356369138,-0.137168347835541,-0.117867171764374,-0.0483552552759647,-0.0507683455944061,-0.0548223033547401,0.0772487744688988,-0.111045569181442
0.00258289091289043,-0.000412238034186885,-0.0017160278512165,-0.000490264035761356,-0.000725506688468158,0.000406383303925395,0.0019621355459094,0.000612128060311079,-0.00122515147086233,0.000966435531154275,-0.00208326242864132,0.0000275085021712584,-0.00148190883919597,-0.0012946204515174,0.00141397537663579,0.000777751498389989,0.000094204195193015,0.00133920426014811,0.000970282184425741,0.000361417565727606,0.000575243786443025,-0.00219378038309515,0.000370648049283773,-0.00162085448391736,-0.00045584881445393,-0.00184313708450645,0.000960605801083148,-0.000738589384127408,-0.000860670174006373,0.00109516258817166,0.00066958530806005,-0.000428285944508389,-0.000038784430216765,-0.00120997324120253,-0.000095548624813091,0.000276729988399893,0.00272702449001372,0.00132372952066362,-0.0023882866371423,0.00097647134680301,0.00154361641034484,-0.000420240161474794,0.000129982305224985,-0.000526274146977812,0.00304833031259477,-0.000327456946251914,-0.000186102974112146,0.00131445017177612,-0.00168685184326023,0.000928617315366864
0.101177848875523,0.162621960043907,-0.0899347886443138,-0.155574202537537,0.107379354536533,0.140345096588135,0.135348483920097,-0.125445082783699,-0.165839493274689,0.145408123731613,-0.100307941436768,0.155601978302002,-0.149933114647865,0.0249271541833878,-0.122775636613369,0.121306985616684,0.0176075082272291,-0.152291789650917,0.114464625716209,-0.108573041856289,-0.141312792897224,0.135683476924896,-0.160969346761703,0.167938709259033,-0.163220435380936,-0.106484666466713,-0.0129102999344468,0.132964596152306,-0.206989303231239,-0.117526419460773,0.150824964046478,0.150384128093719,-0.12287101149559,-0.158638656139374,-0.0655938014388084,0.119378447532654,0.0977930650115013,-0.174543425440788,-0.00326698296703398,-0.155947953462601,0.00075277773430571,0.107177264988422,0.0926538407802582,0.0907980650663376,-0.20623704791069,-0.128597155213356,0.111454576253891,-0.127028360962868,0.153023764491081,0.0312942452728748
-0.110178157687187,-0.0275646541267633,-0.0216372571885586,-0.0197102837264538,0.0431692413985729,0.031120415776968,0.041738286614418,-0.0937585756182671,-0.0158491171896458,-0.00185295951087028,-0.0135934427380562,0.01631691865623,-0.027334051206708,0.130889117717743,0.0160514973104,0.00992201361805201,-0.0746600925922394,-0.207278713583946,0.0269625764340162,0.0948615968227386,-0.00808545108884573,0.0136898383498192,-0.022679690271616,0.0152225363999605,0.0455647334456444,-0.0271317567676306,-0.0654542297124863,0.00125988328363746,-0.131126075983047,-0.0241913143545389,0.00127604720182717,0.00883238576352596,-0.0219584889709949,0.00257248478010297,-0.181123837828636,-0.0092820767313242,-0.15804198384285,-0.125860676169395,-0.0890888571739197,-0.0256487615406513,-0.0650273412466049,-0.138565570116043,0.00681307585909963,-0.1682368516922,-0.200068160891533,-0.00103477470111102,-0.106826275587082,-0.0200889501720667,-0.00359774753451347,-0.182258144021034
0.233780652284622,-0.0323735624551773,0.0448008105158806,0.0323331989347935,-0.0312546528875828,-0.0296256598085165,0.0181558933109045,-0.246008276939392,0.0349388234317303,-0.0486161857843399,0.0801195204257965,-0.0138035081326962,0.0209295507520437,0.264493227005005,0.0539906658232212,-0.0503993555903435,0.164613619446754,0.0620026253163815,-0.039531521499157,-0.274060428142548,0.0477811805903912,-0.0433385297656059,0.0062324795871973,-0.0358559526503086,0.000400387070840225,0.0685977637767792,-0.30888557434082,-0.016001969575882,-0.0711706280708313,0.0419216565787792,-0.00442117732018232,-0.0132537465542555,0.0473772995173931,0.025543887168169,-0.390766859054565,-0.0478329844772816,0.107105307281017,0.0260339975357056,0.155726909637451,0.0201459415256977,0.154019191861153,-0.0724961832165718,0.226711705327034,-0.0098438011482358,0.0880953669548035,0.0436410419642925,-0.0152107821777463,0.0546529851853848,-0.00696063926443458,-0.212302923202515
0.000342216866556555,0.00239185988903046,0.0035096094943583,0.00272317789494991,-0.000288280745735392,-0.000251961580943316,-0.00496812351047993,0.00075456133345142,-0.00231341272592545,0.000835909508168697,-0.00101773464120924,-0.00362620456144214,0.0017841006629169,0.00215218868106604,0.000118197815027088,-0.000719676376320422,0.00268505234271288,-0.00288681848905981,-0.00113637652248144,-0.000667864864226431,-0.0010727031622082,-0.000967281754128635,-0.00171725964173675,0.00288339424878359,0.00189908512402326,-0.000262002955423668,-0.00444452092051506,-0.000125053120427765,0.000461546500446275,-0.00038878878694959,0.00252739666029811,0.00123961537610739,0.00144892418757081,0.000528954027686268,-0.00373311387374997,-0.000581108150072396,0.00136910751461983,-0.00169976393226534,0.00436999835073948,-0.000381811609258875,0.00161948008462787,0.000345599168213084,-0.000583946297410876,0.00328914122655988,-0.00229205400682986,-0.0000686553612467833,0.00226109335198998,-0.00136560969986022,0.00193066662177444,0.00166525086387992
0.004662592895329,0.00334249972365797,0.00213220552541316,0.00285232160240412,0.000981776742264628,-0.00220288592390716,-0.0023636263795197,-0.0033896304666996,-0.00253842095844448,-0.00151031126733869,-0.000465911638457328,-0.0016317970585078,0.000743621669244021,0.00855279620736837,-0.00205646664835513,-0.000879009254276752,0.00413578888401389,-0.0063115730881691,-0.00325758079998195,-0.00450458424165845,-0.00183233548887074,-0.000324686785461381,-0.00550577044487,0.00204131123609841,0.00334524409845471,0.00137205235660076,-0.00342178600840271,0.000579477578867227,-0.000265530514298007,-0.0010070224525407,0.00159743707627058,-0.00111351301893592,0.00342807685956359,-0.00120610790327191,-0.0034203811082989,0.000442570075392723,-0.00497090863063931,-0.00168343167752028,0.00414537917822599,-0.00215586856938899,0.00476335734128952,-0.00312914233654737,0.00290220486931503,-0.00168093480169773,-0.00674417242407799,0.000629505841061473,-0.00655326060950756,-0.000903794192709029,0.00690673943608999,-0.00112755328882486
-0.0021861051209271,0.00000800590169092175,-0.000276161852525547,-0.00148830679245293,-0.0010736770927906,-0.000516732106916606,0.000104619459307287,0.00148432643618435,0.000792125298175961,0.00106661056634039,0.00118254951667041,-0.000677782052662224,0.000480642658658326,-0.00238188332878053,0.000877364538609982,-0.00144140108022839,-0.000721557124052197,-0.000549584859982133,0.000339858786901459,0.00182722206227481,-0.000107215419120621,-0.000104213278973475,0.000325114873703569,0.000828547461424023,-0.000810900120995939,0.00061412260401994,-0.00194018892943859,0.000077308104664553,-0.000150714302435517,0.000292430020635948,-0.000894926022738218,0.00061349110910669,0.00243394006974995,0.000293521326966584,0.000441805779701099,-0.0025809034705162,0.00125143362674862,0.000359840167220682,0.000476811401313171,0.000449166866019368,-0.00159500341396779,-0.0000670443041599356,-0.00158186431508511,0.000645094201900065,0.0019356383709237,-0.000705668295267969,0.00133802718482912,-0.000700562144629657,-0.000688454892951995,0.00105548929423094
0.00310825882479548,0.00322695635259151,0.00258606509305537,0.00334923481568694,-0.000786588294431567,-0.00128162966575474,-0.00478993635624647,-0.00241248053498566,-0.00212413351982832,-0.00292619713582098,0.000548726937267929,0.00179088418371975,0.00251877424307168,0.000577588682062924,-0.000914468022529036,0.00292136566713452,0.00635041296482086,-0.0014945927541703,0.000390965666156262,-0.00224449811503291,0.000375566829461604,-0.00391877442598343,-0.00308126560412347,0.00314399995841086,-0.00268677459098399,-0.00125421502161771,-0.00425313925370574,0.00208780285902321,-0.00253195757977664,-0.00165676209144294,0.00100728427059948,0.00168319058138877,-0.0000267044233623892,0.00707448460161686,-0.00588427251204848,-0.00227957428433001,0.00239369412884116,-0.00023528333986178,0.00323990592733026,-0.000245970411924645,0.00198085233569145,0.00605834554880857,-0.00152713723946363,0.00486516300588846,0.000452294887509197,-0.00209631258621812,0.00757296429947019,-0.00152053183410317,0.00231633358635008,-0.00104962824843824
0.00240034610033035,0.00097595329862088,-0.00305179785937071,-0.000830921751912683,-0.00156401062849909,0.00107233959715813,-0.000764821190387011,-0.0000762109921197407,0.00152256700675935,-0.000222897229832597,0.00131304177921265,0.00114325108006597,-0.000534910883288831,0.00127339060418308,-0.00255630700848997,-0.000633444695267826,-0.000714944209903479,0.00209698406979442,0.00241156504489481,-0.00214580027386546,-0.000232959122513421,0.00253036990761757,-0.000151291620568372,-0.000890216382686049,-0.00152420555241406,0.00147566257510334,0.0029460028745234,-0.00042994532850571,0.00200032931752503,-0.000533407321199775,-0.000464190670754761,-0.00160732108633965,-0.000810711469966918,0.000428038212703541,0.00241846684366465,-0.00158919359091669,-0.000550112221390009,0.00151177076622844,-0.000234574486967176,-0.0004020951455459,-0.000231139973038808,0.00069514469942078,-0.00109519006218761,-0.000723571458365768,0.000711357162799686,-0.000731441541574895,-0.00210095942020416,-0.000769744394347072,0.00193094334099442,0.00142944906838238
-0.20173853635788,-0.287208706140518,0.193066120147705,0.27870973944664,-0.160414710640907,-0.284928351640701,-0.250173658132553,0.172583669424057,0.329679638147354,-0.221394211053848,0.182576403021812,-0.299515753984451,0.265913218259811,-0.161730363965034,0.244958430528641,-0.219733774662018,-0.0540763847529888,0.319027423858643,-0.238663300871849,0.190417155623436,0.290195226669312,-0.214813798666,0.292442977428436,-0.306171417236328,0.312527805566788,0.22304604947567,0.204286053776741,-0.28938889503479,0.376993238925934,0.192322671413422,-0.324248522520065,-0.282967031002045,0.257665038108826,0.285419166088104,0.0138327172026038,-0.245899543166161,-0.210053712129593,0.33173656463623,-0.0205967426300049,0.312309801578522,-0.0203277803957462,-0.189339265227318,-0.160386294126511,-0.154052138328552,0.368887811899185,0.24153707921505,-0.158588752150536,0.216129302978516,-0.315008401870728,-0.0530421808362007
-0.00388022582046688,-0.000280820037005469,0.00328023522160947,0.000226672113058157,-0.000351679656887427,-0.000979347270913422,-0.00254097464494407,-0.000585143628995866,-0.000919950369279832,0.00110026518814266,0.000171897321706638,-0.00138260866515338,0.00130646442994475,-0.0022352272644639,0.00270267599262297,0.000644341518636793,-0.000511128862854093,-0.000262083427514881,0.000216038286453113,0.000753892702050507,-0.000461127579910681,-0.00213740230537951,0.000562176515813917,0.00290510058403015,0.0021356581710279,0.000213252875255421,-0.00379690527915955,-0.000130223357700743,-0.000634370895568281,0.00111628754530102,-0.001074910745956,0.0024806906003505,-0.000553498568478972,0.00186634983401746,-0.000905646767932922,-0.00244466168805957,0.00245063588954508,-0.000668574415612966,0.000177998430444859,-0.000263945781625807,-0.00190847343765199,0.00218275166116655,-0.000894391909241676,0.00137473142240196,-0.000157130139996298,-0.00118662929162383,0.00432261638343334,-0.00202816422097385,-0.00119008962064981,0.000252182391704991
-0.338757425546646,0.257512331008911,-0.256807774305344,-0.270169407129288,0.293736398220062,0.249507367610931,0.272212564945221,0.178436577320099,-0.261321544647217,0.271159380674362,-0.192058622837067,0.282137900590897,-0.27711820602417,-0.170441672205925,-0.270935744047165,0.258256018161774,-0.363137125968933,-0.209113001823425,0.238342180848122,0.319442957639694,-0.278147578239441,0.28371199965477,-0.247999370098114,0.287433266639709,-0.264117896556854,-0.246677964925766,0.266922742128372,0.26462110877037,-0.296304196119308,-0.253606975078583,0.272937327623367,0.281206578016281,-0.254767805337906,-0.263141304254532,0.229175060987473,0.249587461352348,0.0156580600887537,-0.265414923429489,-0.344872832298279,-0.280550092458725,-0.336882442235947,0.217685058712959,-0.222572326660156,0.0330650210380554,-0.264098078012466,-0.274927169084549,0.169284760951996,-0.257124245166779,0.276532828807831,0.115283571183681
0.0970113202929497,-0.0569866895675659,-0.0620781108736992,0.0149718215689063,0.0926273688673973,-0.0374910086393356,0.047076515853405,-0.276393979787827,0.0182121675461531,-0.0333166047930717,0.0568295456469059,-0.0140778226777911,-0.00919604301452637,0.245201587677002,0.0337444059550762,-0.0180240739136934,0.000141355892992578,0.0293702520430088,0.0537831149995327,-0.109619967639446,0.0302503351122141,0.0268003605306149,0.0157603956758976,-0.00998939108103514,0.0661599412560463,-0.0120441308245063,-0.303535968065262,-0.0307977944612503,0.0205022729933262,-0.0462080091238022,-0.013055776245892,-0.0164378248155117,0.00672720186412334,-0.0070043602026999,-0.395266503095627,-0.0250807050615549,-0.0660969540476799,-0.0538229122757912,0.00907247699797153,-0.000671786314342171,0.00351815461181104,-0.0933894440531731,0.186199933290482,-0.0481780432164669,0.0639281719923019,-0.0184883624315262,-0.0510465018451214,-0.0220325235277414,-0.027756966650486,-0.37723970413208
0.00256520742550492,-0.000719903036952019,0.00339973252266645,0.0000547509553143755,-0.000499264802783728,0.000610404065810144,0.00132252555340528,-0.00680308043956757,-0.00249658059328794,-0.00173641683068126,0.00172812456730753,0.00056222069542855,0.00139890192076564,0.00280791381374002,-0.00227539031766355,-0.000366674095857888,-0.000286640570266172,-0.00204481743276119,0.00088614079868421,0.000445085810497403,0.00194776512216777,0.00160214805509895,-0.00111559126526117,0.00260109407827258,0.000767603807616979,0.00243810331448913,-0.000268054485786706,-0.00192311231512576,-0.0012860456481576,0.000348547997418791,-0.000891331234015524,-0.000249421369517222,-0.00198995065875351,0.000976540264673531,-0.00351865706034005,0.00173951871693134,0.000430824526119977,-0.00372596504166722,0.00414559198543429,0.000213440638617612,0.00457191979512572,0.000588356691878289,0.00423534726724029,0.00046157487668097,-0.00394749594852328,0.00251820823177695,0.00099196401424706,-0.000415362883359194,0.00166943622753024,-0.000853341072797775
-0.00139845442026854,-0.00305944704450667,-0.00277295662090182,-0.00284096761606634,-0.0021492640953511,0.000767096178606153,0.00190860859584063,0.00314275757409632,0.00185207778122276,0.00325155793689191,-0.00283913151361048,0.00349554908461869,-0.00348342605866492,-0.00445602647960186,0.00271583395078778,0.00408705696463585,-0.00264960201457143,0.00755001837387681,-0.00150547036901116,0.0025912462733686,-0.00110389501787722,0.00180134910624474,0.00331002520397305,-0.00414691073819995,0.000545796530786902,-0.0023111377377063,0.00586341228336096,-0.00346774468198419,0.00223959074355662,0.00148037110920995,0.000646707252599299,0.00207144673913717,-0.00299785588867962,-0.00122170418035239,0.00877383816987276,0.00218244222924113,0.000543245172593743,0.00240401923656464,-0.00275928759947419,0.00156069011427462,-0.00320331542752683,0.00133167684543878,-0.000539712782483548,-0.000298123399261385,0.0102378008887172,-0.000737691239919513,0.0000438584611401893,-0.00307359383441508,-0.00207269517704844,-0.000309303897665814
-0.0592660494148731,-0.0230383798480034,0.00238214456476271,-0.00979267153888941,0.0112685523927212,0.00232205330394208,0.0167252868413925,-0.0572532564401627,0.00128418067470193,-0.0116461263969541,0.00495518743991852,0.0101350275799632,-0.0138343293219805,0.0760898590087891,0.0160038322210312,-0.00411303853616118,-0.0351666435599327,-0.124951489269733,0.0236093197017908,0.0478478856384754,-0.00055468559730798,0.0076206736266613,-0.000513344770297408,0.0138444555923343,0.0387211665511131,-0.00618500215932727,-0.049368217587471,0.00392458820715547,-0.0913991183042526,-0.0121530024334788,-0.00560578750446439,0.00044834305299446,-0.00297464476898313,0.00366117712110281,-0.126921728253365,-0.0161763783544302,-0.0831234082579613,-0.0835988372564316,-0.0437813997268677,-0.0269580911844969,-0.0163942184299231,-0.100662350654602,0.00739503558725119,-0.109268330037594,-0.135271728038788,0.0113970497623086,-0.0805924162268639,0.00524289067834616,-0.00582413421943784,-0.113352626562119
0.0999792367219925,-0.134174048900604,0.0481434650719166,0.0951900407671928,-0.0606501288712025,-0.136144176125526,-0.110354386270046,0.103592291474342,0.123108148574829,-0.0788063555955887,0.0977852344512939,-0.126437589526176,0.111321568489075,-0.039065420627594,0.101795718073845,-0.0583594925701618,0.102009281516075,0.245381444692612,-0.0656647011637688,-0.0744958072900772,0.124426797032356,-0.0609390549361706,0.138355642557144,-0.115773074328899,0.10628917068243,0.039249237626791,0.120964907109737,-0.118239387869835,0.216513872146606,0.0450762063264847,-0.103419445455074,-0.109875053167343,0.0707112774252892,0.122004464268684,0.114437378942966,-0.0696400254964828,0.063793919980526,0.151554062962532,0.086820513010025,0.124325595796108,0.0869364142417908,0.0743530616164207,-0.0250577125698328,0.063971072435379,0.243154972791672,0.0682556331157684,0.015237670391798,0.0602015629410744,-0.144184589385986,-0.00772724207490683
0.0891742333769798,0.043685469776392,0.0183147042989731,0.00723484624177217,-0.0270096454769373,0.000503814255353063,-0.00692669535055757,0.0691223815083504,-0.00308090448379517,0.0172175280749798,-0.00364000466652215,-0.00101439899299294,0.0181187130510807,-0.114870689809322,-0.0335902459919453,0.00359019683673978,0.064106673002243,0.170816317200661,-0.0252445600926876,-0.0746002718806267,0.00750189321115613,-0.0186367500573397,0.00256145093590021,-0.0258445180952549,-0.065879799425602,0.0282959938049316,0.057398084551096,0.00868759863078594,0.121860511600971,0.0168472267687321,-0.00748834712430835,-0.00928610004484653,0.0119844526052475,-0.00436410726979375,0.162555053830147,0.0145862735807896,0.134619131684303,0.105447307229042,0.084234818816185,0.0271802749484777,0.0521002151072025,0.123700402677059,0.00375035172328353,0.159158080816269,0.177978187799454,-0.00102017889730632,0.114248000085354,0.0114282937720418,0.0140097215771675,0.167975053191185
-0.164976999163628,0.26789852976799,-0.198690220713615,-0.261179625988007,0.191002011299133,0.231485024094582,0.254712909460068,0.12847301363945,-0.278027802705765,0.208168208599091,-0.193825379014015,0.267057985067368,-0.263629972934723,-0.0989805310964584,-0.232625752687454,0.229824125766754,-0.205874666571617,-0.227175235748291,0.227571859955788,0.164513245224953,-0.256580501794815,0.20448037981987,-0.269460737705231,0.278385698795319,-0.261776715517044,-0.205396562814713,0.147618025541306,0.249655902385712,-0.310674905776978,-0.191135808825493,0.290101230144501,0.270239621400833,-0.24314834177494,-0.266526311635971,0.126295506954193,0.239976540207863,-0.0352374278008938,-0.272687673568726,-0.214655473828316,-0.302566081285477,-0.245755642652512,0.146374687552452,-0.150378882884979,0.0225847531110048,-0.254015296697617,-0.228263229131699,0.0624389238655567,-0.208390146493912,0.278737485408783,0.204613536596298
0.359574437141418,-0.0235499404370785,0.143269285559654,0.0614391379058361,-0.124268859624863,-0.0431229546666145,-0.0362827777862549,-0.311241954565048,0.0434239245951176,-0.0748056396842003,0.0914265960454941,-0.0438277348875999,0.0308667551726103,0.318318009376526,0.0411999635398388,-0.0863279476761818,0.359202206134796,0.0558423772454262,-0.0626134499907494,-0.417067438364029,0.046361867338419,-0.0890923738479614,0.0434421449899673,-0.0411321893334389,-0.0136514287441969,0.105817139148712,-0.410425841808319,-0.0365619771182537,0.0551795996725559,0.0857319459319115,-0.0443804860115051,-0.0376954153180122,0.109579585492611,0.025730898603797,-0.461184978485107,-0.0807448625564575,0.149345248937607,0.0819825902581215,0.313207745552063,0.0364151373505592,0.359525740146637,-0.068142332136631,0.343309551477432,0.0825587138533592,0.00617625471204519,0.0769030302762985,0.0605919025838375,0.0721253678202629,0.0205146409571171,-0.222723349928856
0.000512189697474241,0.000520325906109065,0.000949472596403211,-0.00020676405983977,0.00109230354428291,0.00169622781686485,0.000848406634759158,0.00010139054938918,-0.000889284128788859,-0.0008976572426036,0.00127265544142574,0.000630638096481562,0.000146092541399412,0.000756029388867319,-0.00036578081198968,-0.000296079844702035,0.00152044428978115,-0.0000511012694914825,-0.000741828640457243,0.00137729628477246,0.000204552503419109,0.00029646122129634,0.000100122895673849,-0.000341368984663859,-0.000534045218955725,0.00236487807705998,0.000259442429523915,0.000476699264254421,-0.0000182838593900669,0.00106218608561903,-0.000266388815362006,-0.00181812548544258,-0.000665002502501011,-0.000889411312527955,0.000372690439689904,-0.000156263005919755,-0.000701990502420813,0.000726884114556015,0.000426392944063991,-0.000991194625385106,-0.000402366480557248,-0.000272488716291264,0.000448738428531215,-0.000642387487459928,-0.00172258424572647,0.00118986191228032,-0.0011941707925871,0.000489735801238567,0.00215509999543428,0.00146358250640333
-0.200893148779869,0.0567872412502766,-0.0962017327547073,-0.0307554826140404,0.142183437943459,0.0736280307173729,0.120988488197327,-0.141274496912956,-0.038003783673048,0.0427466593682766,-0.0697110146284103,0.0786270648241043,-0.051650233566761,0.0964048430323601,-0.0698797926306725,0.0414155051112175,-0.231042012572289,-0.207199215888977,0.0589242428541183,0.177088022232056,-0.0396612398326397,0.0352339446544647,-0.0885528177022934,0.0185371264815331,-0.0422921516001225,-0.0278384294360876,-0.131340771913528,0.0725970193743706,-0.0550521053373814,-0.0646390914916992,0.0535506792366505,0.0273862015455961,-0.0369483307003975,-0.0407454520463943,-0.214191749691963,0.0162289403378963,-0.173984289169312,-0.149568498134613,-0.19294910132885,-0.0506246015429497,-0.228171855211258,-0.0833972245454788,-0.00143109052442014,-0.18456943333149,-0.0488239750266075,-0.0354403480887413,-0.117441415786743,-0.0551698617637157,0.101498395204544,-0.0940634235739708
0.00127450458239764,-0.000551959907170385,-0.00386069598607719,-0.000454877997981384,0.00177525810431689,-0.00344391725957394,0.000361381069524214,0.00261088064871728,-0.000444146658992395,0.00166936381720006,-0.000844300549943,-0.000514797982759774,0.0000399753407691605,0.000426602404331788,0.00130741600878537,0.000361532409442589,-0.00153741834219545,-0.000683238613419235,-0.0012681873049587,-0.00393606070429087,-0.00042642027256079,-0.0000670152585371397,0.000886728754267097,-0.00138684164267033,-0.000322302774293348,-0.00188865594100207,0.000619059312157333,0.00155124173033983,0.00274340948089957,-0.00111979979556054,0.000792493869084865,0.00132693606428802,-0.000261897774180397,0.00179399421904236,-0.000163970369612798,0.00109071284532547,-0.00242308550514281,0.000313326687319204,-0.000492627616040409,-0.000679825549013913,-0.0014180646976456,-0.00153931672684848,-0.000591756601352245,0.00000232490447160671,-0.000086689688032493,-0.0000944317143876106,-0.00345017272047698,-0.000529089709743857,-0.000492379069328308,-0.000923963729292154
-0.126394212245941,-0.0417041294276714,-0.0265490580350161,-0.00304274633526802,0.0465574376285076,0.0158725772053003,0.0296086017042398,-0.0725182071328163,-0.0052162460051477,-0.0141831589862704,-0.00000588111970500904,0.00935759209096432,-0.0232299454510212,0.127644777297974,0.0247291345149279,0.00672427751123905,-0.0918561145663261,-0.1918775588274,0.0296884924173355,0.11308915168047,-0.00461676390841603,0.0250789672136307,-0.0129323368892074,0.0169036500155926,0.0699459984898567,-0.0237995740026236,-0.0463655814528465,-0.00867442972958088,-0.11488551646471,-0.0248773731291294,0.00179090350866318,0.00422573229297996,-0.0115808341652155,-0.000494785490445793,-0.155818998813629,-0.00956959929317236,-0.190866589546204,-0.106213167309761,-0.109103813767433,-0.0198542270809412,-0.084046371281147,-0.131233528256416,-0.00117410044185817,-0.182060167193413,-0.201770216226578,-0.00136928271967918,-0.118770770728588,-0.0184252522885799,-0.00995396170765162,-0.183768585324287
-0.0731667205691338,0.474387466907501,-0.443256676197052,-0.492061138153076,0.555092990398407,0.402855634689331,0.461319804191589,-0.120818756520748,-0.480550348758698,0.442943245172501,-0.306647151708603,0.503031015396118,-0.505151748657227,-0.146896600723267,-0.443734914064407,0.485722541809082,-0.301513761281967,-0.338215708732605,0.454580008983612,0.0661359503865242,-0.514262676239014,0.511824369430542,-0.445227056741714,0.5010906457901,-0.418854355812073,-0.45563343167305,0.0496853590011597,0.446464121341705,-0.530750453472137,-0.499521315097809,0.48052591085434,0.504832327365875,-0.453377723693848,-0.49395614862442,0.119955517351627,0.410534501075745,-0.134448528289795,-0.47631174325943,-0.292351752519608,-0.490036576986313,-0.272054314613342,0.409014970064163,-0.0620784573256969,0.29729425907135,-0.51820296049118,-0.476395010948181,0.390943080186844,-0.494902580976486,0.454666465520859,0.020527258515358
