-1.92146600898934,0.269137342923736,0.647226851355675,0.140016937324331,0.819930809581271,-0.470642658483064,-0.0229234880572857,-0.578763058016124,-2.5354226879878,-0.668668130201922,1.71395066725748,0.19081197679305,-0.562486083377344,1.23646909229642,0.171219985905023,1.15712579399148,1.13759084557265,0.431495069642439,0.128595853344294,0.505758077557488,-1.15296205999561,0.264657826253523,-0.827914213403283,-0.251683768783951,0.843057659173439,1.92919897089691,-0.25363273639463,-0.563161701303106,0.950035865442065,0.296284458432156,0.516301388888629,1.02031985693112,0.876874683759836,1.20146916770931,-1.07381244855093,-0.788537816727243,-0.0903807497967385,0.680889275546152,1.38854723705278,0.607720640755691,0.107589187345851,-0.510465077340635,1.38169539298624,-0.259747505853038,0.117520445576738,-0.953424115173478,-0.035950894353807,-0.692929044215353,-1.24963210232256,-2.07972023574361
1.13527381147168,0.00643117823380265,1.28355856813442,-0.65698828063473,-1.24430484120954,-0.311752168170519,-0.0604265459828614,0.671232292198615,0.401644320890665,-0.241381399196393,0.627653985248917,-1.40657049128393,-0.0282235600425592,0.57520962193181,-0.975838299803176,-0.17635049186628,-0.270748606355806,-0.170819598685794,0.415403691630125,0.939195042722281,0.681548907844623,0.666813461003236,0.512680370919671,0.766014354767621,-0.395024302385139,-1.07427152405285,1.67430895292948,0.757290548776948,0.123288567098806,1.77589607326924,0.144468676199216,-1.18053050243562,-1.04933843535602,-0.205493278179642,1.54012687179428,0.244508496555863,-1.24024511437087,-0.938405421438794,0.129772863719655,-0.0744980720383603,1.75245202551874,0.313949269579882,-0.949560940464929,0.934495608178997,-1.1458487568788,0.156307609270373,-0.913260602723275,-0.168135261215123,-0.892665427978224,-2.04979889996979
-1.11437521468082,-1.41719461894968,-0.0231008752226791,1.00324595512191,-0.756054611838797,-0.128026890077413,-1.31629828314494,0.31353576820259,-0.575485449588241,0.0721890671579178,-0.584845489466438,0.931945678371492,1.28498098718516,-1.14773757084662,0.968721734370001,0.0630826274806948,-0.843342329581631,1.41239888537541,0.0539825227965381,3.26971486131432,-1.51600995899647,4.47803952281193,1.6980581514896,1.04480003023314,1.55299428856624,0.864133272313285,0.507468259603988,-0.814872997447606,0.804995639228051,1.4164986072722,-0.397172614127518,0.342250833733186,0.892688742619985,0.59944760284314,0.613698646859699,-0.562010626806287,-0.06164343234631,-0.324467402397973,-1.39430945688988,1.32085838377043,0.0468441452327431,-1.04690435161211,1.9351535144233,0.303025250366916,1.78738020484832,-0.0944032388822053,0.670500826022186,0.0335237346056746,2.78643848475142,0.621594366032703
-0.00916060182430188,-0.33391900978029,-0.32664526054754,0.227891271369408,1.29769030310084,-0.496363500483639,0.182981936508291,1.5771115698278,-1.76430904205869,-0.74078720465505,1.04655743909477,0.025877719155957,1.62513936439445,-0.595273475325435,0.636351202789342,-5.8897639725737,0.843443979159744,0.845840090661849,-1.64048191543845,-0.103855443188603,2.93788032174448,-0.243754074029298,1.74995451720817,0.357299191972896,-0.305143395926361,-5.78146133491456,-1.38877388605731,3.75495158157153,-1.43367748327399,-34.7956511314877,1.42439462996234,1.15237326679346,-3.14471908273434,-5.35570852561525,-0.0886189972533374,-0.633625798881052,0.16053774289955,-1.18188637459012,-0.219582164927098,-6.90655495990795,0.155769087539283,0.95964484083464,-1.44626808029294,-1.57525484839621,-0.85951009239677,1.17264974364322,-0.473267592155399,-0.511836781613125,6.99149852156994,-0.585814078095642
-0.200337228780283,0.868934535937054,-0.0559735110039222,0.547988096293818,0.0478963303203233,-0.065920296154707,-0.27081599432716,1.98241228959257,-0.992990107412961,-1.21711545510998,-0.289023738700602,-0.401432619965556,1.74354925771231,0.967638367453531,-1.41506565034946,0.131140554521054,-0.388506636538463,1.13842284880341,1.54569467220459,-0.615612610779148,0.875342247946673,1.38118330135581,0.994194901276235,0.207985501530448,-1.72029075527149,-2.08177719623746,0.427087286544889,-1.93169861440696,-0.451790142230243,0.112360069662969,0.00278666410203598,0.237752113754601,0.0175081967681065,0.373200566364271,-0.727727411763018,0.773692956558394,1.63603936293511,-0.364832622653158,-0.201679171261296,-2.14895596866974,0.537845390397418,-1.12465734547198,-1.28737543128239,2.17719761425053,1.26178094083522,0.218851064034933,-0.317301807292799,-0.418464975216886,0.23597763530349,-0.201560125402295
0.944988887187592,-2.25476925814821,-0.0919982658677579,1.1899719819094,0.474204727517143,-0.116896157675622,-1.43596471516797,-0.614849641283311,0.526015655847471,0.815488902594159,-1.08152158147113,-0.691765714992227,0.422601177976737,2.11714879463816,0.640610173736584,1.01024395792742,-0.657752964747761,-0.355908236205254,-0.406557155830691,0.586581703612902,0.728431358308047,-0.227341504061372,-0.84449023243846,2.38520916156604,-0.908572468981672,-0.291188476659761,1.16067484761449,0.111566891176381,-0.436857351774148,0.255230257978612,0.0159297712236005,-0.408838273659579,1.06531030181784,-0.114451080496837,-1.46155744981141,0.0256309974196053,0.60886570667189,0.872730223099864,0.270022044992923,1.05642774061148,-0.431849208674883,-0.056947824450169,-1.14942632729732,0.711453553575603,-1.33639059013718,0.447908765031266,-0.489294092875063,-0.162520114579557,-1.44014875472491,-0.709088068026347
-0.343025088827509,-1.29064242317141,0.575214450761581,-1.88562251088782,1.70187394766953,-0.888788145116433,1.82027112316545,0.0565391539971925,-0.204023415157227,0.573648754019782,-1.35227912094793,1.10729865649264,-0.386551058230682,1.02738708371061,-2.25896706235728,-0.610295435001345,-0.478521082661351,-0.863666003879547,0.239915687003162,0.659792814435111,1.18482231892942,-3.24235746871548,-0.631847287811359,-0.396487199269885,-0.717715793510739,-2.51758049012295,-0.385606028896457,-0.239570071712018,0.207328959674607,0.720462410356824,0.0762861206973242,-0.196371496318603,-1.73092022707665,-0.184968316411421,-0.508790600243128,-0.254987689975364,-0.756704533567161,0.763137501933065,1.0534234351278,1.60747093258705,0.133213528960636,0.608465623576249,-1.39094271422057,1.53333456054457,-1.31782767501791,0.965435504731229,1.05561855995011,0.228097900872132,-3.98757018956917,-0.0662031663668923
-0.731956548253483,0.110941999089004,0.460309615112095,1.26471667084261,1.48638165519597,-0.950446120309489,-1.49644138789547,1.70829774537106,1.82407097654218,0.088135517212654,0.219018183226237,-0.615084895739781,1.23426133533902,0.470506574274207,-2.1655394455507,0.89700048013081,1.3926248849813,-0.45105598192796,0.199475622018177,0.572223733307074,-2.12757374985865,0.581393030863496,-1.54955471719445,-1.8511259936582,0.689920039384255,2.13595951852656,-0.0729764775692888,1.48920050821757,0.0639608840721629,-1.42034591860023,0.103795890418329,-0.00570216316770362,0.496348907930642,-0.890739725061472,-1.27158218829773,-0.231425252320106,-1.46665071289549,-0.404888514407627,0.0728704325828553,0.898277329276139,0.406321735542192,0.810895393744858,0.65595601291329,0.562425021096675,-0.155266894606649,0.648255951334002,0.339644921853754,0.0182939928989386,-2.42579107703104,0.329675951741864
-2.00834284301808,-1.79876645331686,0.14609206093876,1.05304917618335,0.0909701007786526,-1.32597225914212,-0.729839550779113,0.878443084533021,0.247806297088657,-0.816370314058204,-0.6848143766983,1.10160066025465,1.25866765081367,-0.685670806871559,0.386821298461633,-0.742029507672861,-0.982265760808366,-0.0490515134472499,0.8549524469035,-0.743265631050796,-0.740356342239453,1.07043789984126,1.0769668359457,0.694927592051251,-0.341388620179952,1.7647546600982,-0.946113225986706,1.29625377708492,-2.2552825037609,-0.790986806173237,1.64919162533088,0.293461015835034,-0.774520177725524,0.2494381925103,0.650485157131038,-1.24083824948746,0.0947437427368504,0.728839779271188,-0.228444332082397,0.148378401251394,-0.477969939429686,1.69259026920479,-0.447517411528998,0.195783914231617,1.59773089848909,-2.01598493321442,-0.195844081025661,0.417581270040652,-0.536683784050374,0.500064120643654
0.532210640995858,-0.830725572392682,-0.26806692614272,0.527459396771435,-1.54133226504826,1.52179556342526,0.523199730984194,0.185573355234376,-0.989600515356464,-0.747798809774538,0.152596664052343,-1.05670636476877,0.767047296831653,-0.943816828822604,1.81340765948093,-0.266774940228736,-0.292333203064727,-1.83808476156663,-0.92094362399993,-0.661980087202444,-0.0547772628835806,-0.365059577891684,0.410594754254754,1.16335933416366,1.27003358431123,-0.661357003707984,1.10333713008512,-0.0251012412404732,-1.22411721059915,0.598104834194043,0.205660882195227,-0.683099070552346,-0.177836787376101,0.76745866753585,-0.414685548282162,-0.037080523957883,-0.242447171657329,0.853182712333433,0.484221948132169,-1.90630410826813,0.560150518049364,-0.977068207231509,-1.8237207214003,0.48239243274386,1.63110140738635,2.28914337246598,-0.480901237460317,1.71328157920611,0.116850162076975,-2.19202951501101
-0.506669843833,0.40267965890176,1.08736780442425,0.531096573286287,-0.135941815515497,0.325025831049362,0.481826747625107,-1.1586823605259,1.40197408414199,0.157568160167258,0.255393377920483,0.132691229828978,-0.357751540680679,1.88894550965838,0.106017854690956,0.139917420315875,-0.830414038067416,0.413331725028754,0.139662059320616,-1.47733247426804,0.197061140214363,-1.49026157663722,1.78415551369188,0.963557656041692,1.95978709311179,0.209292473947436,-0.538002608447144,-1.57097569728837,-0.281763561970165,0.628895825176512,-0.0366414288563945,0.0520138274800748,-0.512241595806898,-0.261466941423282,-0.728138105003401,0.808644903667264,-1.97456438515768,-0.357908092119596,1.42400899721376,0.0141367476359339,-1.74469257586001,0.468462289940473,-0.73291273660901,0.379163678455835,0.612627899858502,-0.139247554233237,-0.721154781374871,2.34921467656144,-1.99340986939903,-0.0388569009939347
1.1187359877626,-0.785469644609634,-0.284943448366314,1.48706563387488,11.6866550121115,0.437748178767185,-1.50619963248302,0.460724283848453,0.716867256146206,-0.967034974693695,0.68354486411276,-2.86532573356131,1.06039368126001,0.997291639242389,0.349299349070441,-5.24533531864115,0.0890837876717583,-1.38615250235268,-2.35063724290249,-0.421624182405861,-1.21308741610233,15.6118609211554,-1.31445197298722,0.631213418212508,-1.13104854253952,-0.948502271376075,0.196590751172494,0.100618470750538,0.39374786565739,-1.38523220795324,1.61752909329418,0.241377673960582,0.282262472160519,0.816475748328696,2.05662026642983,-1.35709433761547,5.0193416596487,1.19441868891502,0.522904927502206,1.08682660652373,-1.00919068835294,-0.00151266138655249,2.3191934181411,1.36756513385435,1.20326928251976,1.59284249490663,-1.30995021020943,-0.527774353341414,-4.0572188863105,0.655838174799732
-0.703270449655263,0.738479883704036,-0.777850792109223,-0.0734746978683393,-1.0295425527577,-0.892181529591371,1.2350406893271,0.103315010657741,0.867978414245681,-1.23455353679958,0.873665433519875,-0.251053615602602,-0.275650390581888,0.230070155677678,-1.19590059836966,-2.23038117971496,0.262655358498367,0.750716958680583,-0.264332219412859,1.64288497240152,0.198617299377517,0.91490542568479,1.81523888227361,0.738362098815631,-1.92404489130631,0.097071193188306,1.10350967168439,0.142419712217584,1.01585880544276,1.5765285060578,-0.128008155810475,-1.47585681258679,-0.879882903147464,-1.36683955318422,0.900597708010874,-0.633843054367514,0.843816649943705,-0.392976157436994,-1.33124292703023,1.18744431912077,-1.69311301656713,1.533167253329,1.03927582090057,-0.530533805304813,0.974393271833611,-0.0906914114804802,0.0955944047130497,1.01467638657758,-0.0531928919499596,-1.1177604401672
-0.314238700524938,0.13116671458961,-0.567884409622934,0.451589309432367,-0.0976042736129068,-1.69357429629338,-0.0660807184344965,-0.655140400271777,0.428304650510157,0.0820529736894359,-0.665433728202363,-1.16841563413825,0.45600577532297,0.908435290714076,-0.171370500178925,-1.57340496478636,-0.428949476765398,0.746505599297191,0.0613107004363606,-1.66536847596102,-0.0367228379401069,-0.554716041090172,-0.567973747749984,0.514307333324739,0.542275904090684,-6.69669986309244,0.0970370092727368,3.25841798367508,-0.138840910989731,-0.391836648589873,-2.08206881163616,-1.35530661245733,1.11061434752827,-0.163647646054538,-0.251137457301228,0.705308826486677,-0.973674040808454,-0.529442925075007,0.0766114944989836,-0.0840450118027272,0.517923541597881,-0.38621350820516,-1.21854393735597,0.0376522810596642,0.785292200015956,0.798743034472584,1.43171223235607,0.476549545157529,-1.94140147157648,-2.63163255087945
-0.652718740759548,-1.79997619206309,-0.18467643691351,0.322056659803421,-1.74962831224662,0.830020972034003,-1.03394400157339,-1.62300710512618,-2.18883579212057,2.24417637648245,-0.0945021965420752,1.06908199285038,-1.63229495033287,0.112804965051084,0.311228737083195,1.18103124207212,0.70370636118492,0.347200417384845,-1.50685197131578,0.802390458905193,-1.72185586658113,1.74878520917819,-1.04511312117809,-0.251878336246519,-0.105100721206507,1.05955087119699,1.76367465327945,1.27629844213485,0.817896881206768,0.207235287954791,0.174935274505338,0.535828781204916,0.346045636084792,-0.45801398276202,-1.09181449601272,-0.363893521928758,0.42071027487669,-1.87227118484968,-1.80029757437869,-2.37134023266644,-1.57111267195648,-1.51022998351298,-0.422308500330288,0.16137824954702,-1.24314818295061,3.11894956935209,-0.940735229211833,-0.423828172948441,-0.863605119535558,1.41057733910276
0.368717172927982,0.107798670707862,0.369944718112413,-0.208753708458121,0.331862975932704,1.65469122080963,0.932909421092194,0.432421648416966,-0.0887055794553989,0.3364237537792,-0.662187580352973,1.22127304391648,1.00974378393821,-0.535927879992688,1.02032636657762,0.60987951878032,0.0217022974039761,-1.60212136090615,0.302259557795474,1.77129357132646,-0.467117766358602,0.0892995271181698,-0.388548715640636,0.788529906650261,1.39556155074681,2.00800946404241,-0.735113722154111,0.151502793196264,1.67239337712328,-1.57231462369209,-1.00379621149161,1.62680874443734,0.111170766551737,0.187159874915791,2.14682942620444,-0.355491511909942,0.235132539035734,-0.191342649042294,-0.278759088502993,-0.333207096127208,-1.53895032460186,0.122717837129992,-0.64870283821933,0.318168774121935,0.600153532927842,-1.68465901094685,-0.87517088936544,0.426021682211575,0.19656210593207,-0.0649654158474806
0.0466460425836172,0.12786121068532,0.274313999308547,-0.13904742259269,0.964587357900692,0.401204168783096,2.03915191790768,0.0446281342850394,-2.51612148962324,-0.191380882057081,0.0545453213107995,-1.09758858096747,-0.398072832271588,-0.338727848312109,-0.133498946613049,1.47692590727577,0.127272730068319,0.437482486946175,1.42232403874008,-1.69334424607395,-1.51570196795188,-1.02023167481318,1.50047480816236,-0.0635134387129751,0.547700160612574,0.766650153355938,1.56627000053819,0.521049225764745,0.0423431800107882,-1.72084737951707,0.321391963626816,-0.212471137312813,-0.984649447870702,-0.379325394748501,-0.69121820383012,-1.14422562318443,-0.284075427983929,0.0853863754761321,0.24879053852967,-0.294953580084184,0.255644681967859,0.276502770757663,-1.05236605353015,-0.505718142019324,0.679206521911338,0.147656279041536,-1.0048580309871,-0.00995608690115728,-0.319446988101034,-1.84650201489739
-0.186781017462459,1.00238031243566,1.63934010181721,1.45732855347614,0.391458078969278,0.0319807620118247,1.1665791438445,-0.0726139885980455,-0.389072897291273,-0.883381390555058,-0.705827944419999,0.909289877664261,-0.348910066136825,0.821476749733539,0.945175580674786,0.142546013300464,-0.479485169575539,-0.420727699538492,-2.19446743356807,0.92428162525668,-0.692712927244309,1.58776199282668,1.70993333125071,-0.923559957572477,1.48444089288988,-0.23223035966823,-0.0653599814144076,-1.00214058801422,0.568778447419795,-1.3424052402366,0.365857008355095,-1.40667862751206,-0.654143206072598,0.207135795818004,0.852720010056189,0.977139081812478,-1.07641110778992,-0.213009894884998,-1.19637417996854,-1.04238107719052,0.480190906932886,-0.811733647302083,-0.105615171784623,1.48010308446453,0.165454116336531,-0.205545537940739,-0.566716626086238,-1.7710176034049,0.76361722964158,1.78239006973287
-1.21145308978403,-0.198429476934418,-1.71317217908442,-1.00720128236533,-0.0383569953662152,-1.47621496709371,1.41680619737532,-0.814059169830126,0.648180624260176,0.591244151319144,-0.274359935706806,-0.0890030031281384,-0.194558403012147,0.551922828548108,0.909186893112819,-0.293876447644301,0.499168083658316,0.788313679920068,0.902590721766352,-2.09184408110805,-0.0336492994971293,-0.222149860961306,1.19250591451665,0.917564385039702,1.20260508233785,-1.20098305386792,-0.562694456003697,-2.38264199377026,0.386537200604617,-0.823074402047973,1.0375566442321,0.222138025147469,-1.26878338424954,-0.96963319808756,-0.371406454704242,-1.93960738146397,-0.865370476526649,-0.421068015131989,-6.38261858161187,0.329978071633255,0.665678619356608,-0.80830674677496,-0.184709284198051,-1.18068090934859,0.713468751969743,-2.36120309774659,1.00709245962341,1.09160485045742,-4.22511079924318,-0.595025193072623
-1.66079652058846,1.72432218983703,-0.856283133190841,-0.0341540760198474,-0.064045403821981,0.514365946591222,-0.0324578837402055,1.18831159941842,0.480700301924593,1.27298585762181,0.536441526820022,-2.48346359244265,0.0539578355112493,-1.69966653057492,0.966301763108571,0.449401786548111,-0.063222625029301,-0.134451790901665,0.748695587338344,-0.981515895021619,-0.440955536233736,-0.755403996234063,-0.675129148667346,0.0500307022269319,-1.340019052702,-0.639337388951869,-0.0860097411680532,-1.48007492020718,1.28016759946128,-0.603980248515266,-1.84280360132267,0.53832940860645,0.191452475909061,-0.35734819116503,0.475102806358949,-0.033048511429883,0.722191741805575,-1.32070126172524,-0.133672663049591,0.709067734805599,0.799535545625104,-0.695657875802786,-0.412942651559741,-1.10108773992433,-0.382793652498157,-0.542882753867787,1.60307927786471,1.84633191011635,0.635659984757163,0.124565616457202
-0.313435733965074,-0.0378612752933639,0.544600928835645,-0.361902669806351,1.04246568389967,0.625616385852293,-0.23539097885499,0.70442887229806,0.347422958026139,1.69738186970599,-2.67812732198085,1.59314296231725,2.15875089132968,-1.86748796230611,-0.0735668713753964,1.98848786630146,-0.252167721104751,-0.390455537322044,-0.0457562335211957,0.103773992516666,-0.403180700758816,2.18376324029176,1.81809690706868,0.131671112376625,-0.187509852423289,0.554729069895688,0.663345363805752,4.46992144846279,-0.0719519328625077,0.756270207521201,-0.430563236370592,-1.05240654789929,-0.687975017858932,-0.215355709899605,-0.146727949103193,-0.662425525422753,-0.333206997460329,-1.42330156459893,-0.0119681741757286,0.93146544349722,0.779171769492404,-0.372456309192443,-0.573902068773419,-0.127716040430968,-1.28153965129647,-0.297452117637825,-0.709098509158877,-0.103242496337409,1.49292607616937,-1.14571905377623
1.63842856683701,-1.85997044848092,-1.18971940583268,0.998622329847807,0.499570995953171,-0.21806274259436,-0.374619988221651,-0.993952884136244,0.69584773615411,0.134572624918806,-1.2714280522039,-0.658793784378717,-0.240058339981683,-0.766152109945959,0.290275057825578,-1.88311021466588,0.0897952316591853,0.810255404721563,0.799657550609724,-3.65785351210982,-0.909559835184256,-0.631600354003672,-0.636870229446572,-1.14845120574571,0.499944209886592,-0.053098236391628,-0.621888551639178,0.62795752177037,1.39398368331018,0.108318169998382,-0.750808682698382,-0.593153250370256,0.495260758575298,-0.204899075004659,-0.231549062172009,0.854391378389237,1.61928536344326,1.1147909953915,-2.76939715743968,0.561123348868455,-0.670520426178048,1.03310747173396,-0.985703884608945,-0.943215265887356,-0.750702958404691,1.46314761470544,-2.00711662459948,0.459327171340529,-3.22717883923022,-1.54489391961103
-1.95100541166525,-1.71455250729496,0.478398872220231,0.600774690537599,-1.5673605751875,-0.215176618593427,2.04753720246341,2.24296098838362,-1.65021913229169,0.831113559226738,-1.18423939881266,0.73634029860444,-0.309960911559598,0.283734192783313,-0.296449042903978,-1.01579247694479,-0.735143833645671,-1.20866165369205,0.640951419939453,-2.08571443608354,-1.68821285199936,1.93145500750085,-1.31883592326916,-1.74952251350156,2.21243898693335,-2.00609021107211,-0.0203184744465314,-0.193988258954865,-1.00907750983938,1.98114856755908,0.566590188819942,1.31327830326422,-0.0651843996335248,-0.829614203365,0.945042200381051,-0.102156466982628,1.54097329827974,-0.0130979951497385,-0.831804401326913,-2.56775677889604,-1.49655767118179,0.223957514338548,2.42754725530148,-0.601504301915085,-1.03704741471399,-0.178725341676513,-0.930875764353044,1.22984713893476,-2.41581955027953,-0.568133326995414
0.200949844591597,-0.0356371370704376,-0.895567815790398,0.791976410319625,-0.925297682200402,-0.193849536044705,-0.473155465319439,-0.632141725834692,0.834864725773875,1.21228135803755,-0.0846837519195889,-0.0870361712541447,0.179585409646982,-0.939580532424491,-1.56030730516914,-1.05850694210261,-2.2981518446923,0.147615685025153,-0.157770977190469,-0.703669148555864,1.38592141155082,1.31991217679519,-0.818223117730448,-0.444543761083794,0.748916907506762,-0.722523169489183,0.999930155807804,-0.387494485982176,0.0273029518287289,1.77633760009149,-0.552690499896299,-0.322736762046536,-0.512568513172102,0.768165399990322,0.276590332072895,-0.672546650388389,0.733727384103821,0.650179691168497,-0.248851489523617,0.674957649822159,-0.427350093688134,1.63521810923225,0.0639389449564693,0.726730109981426,0.102394937315824,-0.624609699161288,-0.956110573195775,-0.741177105886936,0.744413132652899,1.31467017323417
-0.599586399589412,0.126604498325804,-0.384728061401525,-0.689672600814644,-0.584392164719708,2.39199169943415,-0.55121392169809,-0.176397425573173,-0.748614409778659,-1.9054297633231,-0.1495185178052,0.279555963128198,-0.247396283116653,1.30826226240087,1.26639823288407,-0.63279151364994,1.0164169647944,1.9752726542349,0.150229308552449,0.0675206394044019,1.39490561957348,0.997153599917507,-0.248535903440562,-0.0647843476085137,-0.986850873162922,1.63343939979756,-0.299133854579469,-1.71340818431193,-0.90473954933687,1.06808903048998,-1.70021433482284,-1.21899586532311,0.6270963525082,-1.60994277212647,0.0210611179408301,1.64281369050666,1.02836136365825,-1.01406839517533,0.75521070925153,0.344052266367879,0.262424124272795,0.889744857905804,1.40804893853568,0.974579006883504,0.0317728106519388,-0.0716136707111113,0.835250171207255,-0.930238122344249,-0.448597790065717,-1.12759911381929
0.211169722387483,0.0902880113375401,-0.91804388594369,0.721350319442033,-1.38988292856568,-0.706295583024241,-0.286761605731956,0.0714926619059563,-0.461269793494664,-1.02132644519616,-1.03248542067926,-0.614538019693089,0.683338073003258,-0.530704522069842,-3.29815176169618,0.596768681900496,-0.266469622708387,1.62722473897124,0.511576172000953,-0.0823309594906728,0.0285103611085106,0.304498851108181,0.0601836067281969,0.183505938666254,-0.592349249095603,-2.11965876700338,0.307667717432164,-0.998354204759149,-0.791890701982406,-0.735706955484152,-0.326000111541467,-0.788674019317375,0.918862963991624,2.61233793988322,0.364899654941663,-0.520541978995478,0.231998084163726,1.18227007382921,0.661317969681669,0.259342440582626,0.301834649687119,-1.79067638506576,0.286502829190718,-0.809095603000921,0.0669351423935446,-0.0203001664436913,-0.315700771703331,1.35349936942011,0.445053521495894,0.243728542939656
-0.377787380980798,-0.480829117140555,-1.01498946637741,-0.915716287487548,-0.123873955915868,1.2583216645929,-0.102885450675181,-1.16103141582724,0.11619788036216,-0.449660828069638,0.584753327003034,-0.848603896071066,0.226936512355053,-1.14395731363287,0.184565575884384,0.504541672618261,0.703455450757537,0.0170698328606108,-1.32557455101232,-0.0320607365373398,-0.767482467375853,-0.481413510803105,0.0243580538626991,0.718606919835375,0.28656610716601,-0.0615682557809958,0.220190729234799,-1.40793254551515,0.885322189020035,0.66051619709346,1.44199811271865,-0.33240872004687,1.76555785434819,2.23232432595768,0.509315119302005,-0.746858210191503,0.078849528144719,-0.105655841464451,2.05984122819475,-3.69667228164311,-1.879999699358,-0.642209901322799,-1.39249993691262,-0.686648231488021,1.43668503730876,-0.561037045078522,1.06868534913069,-0.728056752845166,-1.45027017212271,-0.0782264139825961
-0.740742065168398,1.17608842161344,-1.61158928872926,0.984373418978127,1.59937600411183,-0.613354905218245,-0.421917448658842,1.00573383585047,-0.944131374941096,0.13757341116374,0.49595233690534,0.682188990259539,0.0480457618510925,0.556494371797925,0.811002191872319,-1.14966760153015,-0.931925294346876,-0.777231023390014,0.0871104500936673,0.0934934219542785,1.25372985714729,0.377423063702664,-1.53821833185693,0.540619846476513,1.91586381614958,-1.2999284427244,-0.190424466956527,-1.39781310214195,-0.956782504894257,-0.840025333045354,-0.787620117691545,-1.09133027569403,-0.0565100123525059,1.23646018547111,-1.50401526346165,1.62582673626989,-0.529338988275877,0.477623715541354,0.158368356191441,0.0990494400585875,-0.179570740858254,-0.581285831679866,0.917818157765104,0.199980953764734,0.601034117277421,0.527449652153748,-0.384648925030452,-0.708804677133744,-0.290488873249986,0.504074092143897
0.0308610561713326,-8.77900124079789,-0.82039554721948,2.32648818306967,0.0189228498832912,-1.6465872109421,0.422127968629122,1.28963488174149,0.761008415901233,1.57027870374362,0.718638101341469,1.67346012706349,2.14651344390517,-0.315139049351016,0.719962544605798,-1.30192360974371,0.581358108502521,0.870732258439289,1.7780902376076,-0.883525233982425,-0.180152771775691,11.5914668741253,-1.02062499089715,-2.41479191821169,-1.01904880465995,-2.1947641384892,0.208550178573377,-6.43882219796199,1.40458847225136,0.529725161157506,0.755624356517814,1.5020190572955,1.43263935716075,-1.30810384921698,0.382652432766988,1.79589197529694,-1.25784691977271,0.248034809553946,3.26507340110991,1.06825318451361,0.246889787340569,-0.244454147293713,0.872553605068759,-0.869423651947621,-1.93832102984108,2.80080410852523,0.431384284143585,-2.30304767201071,-0.238056659872708,0.434864205976889
-0.950120232758628,-0.45608268664568,0.785230631005781,0.405443163807511,1.99037465415914,-0.556313971285014,-0.729319119570955,-0.372110818616417,1.08530521203058,-0.309752026405471,-0.158765155920265,1.19903380205923,1.3643041618795,1.7066776946471,-0.0028379273757994,0.735668909227654,-3.5652969475062,-0.956550723282259,0.0904030548973652,2.03504298233085,-0.0325531647970394,-6.99402467298398,-0.762707421196783,0.504088448821192,-0.168840505816124,-1.25808007790779,-0.471254611806333,-0.521385044413136,-1.5423985021961,-0.426377009077776,0.179272589923174,0.21695172270881,-0.632772617326135,1.54427384001505,0.426834778743881,0.742075926591324,-0.931675164188799,0.253264355351996,1.25404402197533,-0.932140262078544,-0.962945000982325,1.07191816144615,-0.525908570635536,-0.0505473542897645,-0.461752908204167,-2.20555601415491,0.408104206786798,1.48654496806055,-0.4587455223859,0.720215455151301
-0.590709060129118,0.190635473002174,0.890153113181734,0.319102608663527,0.628768444088282,0.734622337189245,-0.647108218330561,1.4160864264119,-0.391094806817405,-0.0652306407588904,0.316914206804186,0.906919136466308,0.672807243945148,0.234734339918387,-0.175698739312832,-0.836498806890984,-2.88915974408683,-1.17316537729331,-0.952121732352775,-0.604797117196396,0.287686084166135,-0.840320902078636,0.908046353878477,0.557589491602806,0.81052691925871,-1.12786117670495,0.591053182090877,-0.341837334091838,-0.374634213370048,-1.09925773177012,-0.513044311341778,1.21064051691992,1.56880118790947,-1.64006887527243,0.901703680583287,0.744320035624339,0.932899044997429,0.470722308825703,0.119382485584661,0.164979445351665,0.618815091543711,-0.0880405315234199,0.162280567341368,1.09074694034432,-0.596861135656943,-0.101212325063433,-0.576236783839647,-1.00615806678978,0.340753464262197,1.48757406461802
1.11035198384675,1.03330223838604,0.128905863397784,0.0123825852865829,0.284086530659073,-0.0752942725979822,0.0270366213414592,1.16336312789932,0.348072875338193,0.0712626014046851,-1.38811695357064,-0.162066469882049,-1.21834243426903,-0.246997773768455,-0.589969499047068,1.15279179905272,0.188215065149327,-0.938353277674484,1.02094506073519,0.429930875787219,0.385316452779969,0.682693592557111,-1.00968406077013,0.589312837142761,-0.493575529813495,1.26647508916237,-0.065700847346842,-0.417000499658875,2.48045488290813,1.04369691711158,-0.0178420026766894,0.511765435921811,-1.00869846152153,1.5582568189518,0.988128025956173,0.703843730546442,-0.796823155220629,-1.32595777461485,-0.984221389512463,-0.496152698873484,-1.71826863969061,0.650363128704018,1.36750101122428,-0.837351862110444,-0.220356478260105,2.5370441698815,-2.155358253915,0.370266863280202,-1.07070723341844,0.35269625287603
-0.24102656039236,-1.202576075597,-0.323756846820012,-0.620794897445479,-0.61673503225036,-0.216603547537439,-0.427477944592035,0.357595862208653,-0.263829383961658,-0.162983656735095,1.10190733663066,0.734689045121422,0.952542561323511,0.459417271286378,-0.437068151486424,-1.08870697168243,0.968840998104609,-0.0367341975991031,-0.14803053947822,-0.601965588309008,-0.243605397845505,0.246084764507429,-1.10855741853131,1.15269304241038,-0.297865385728776,1.30744004589928,0.081645556923631,-0.405344868150768,-0.130323406095522,1.77629264335747,-0.920646079732581,0.432790907703153,-0.941785621843764,-0.163782596489098,0.719757856724875,-0.0923417954243135,1.99084298348524,-0.775125467158652,1.09837997733637,1.52917513249109,0.164722751302208,-0.475678917023477,0.314537408000238,-0.353620938626993,-1.04452502805869,-0.702633093411501,-0.619268399355694,-1.16893231462935,0.423105083519,-1.08084525186775
-0.296444562148096,3.48188543434068,-0.300446485165248,1.68423908851703,-0.128423021955406,-0.447867819394989,0.551598920443818,1.36576801929993,0.458046661454888,-0.679664831618617,-0.281725380368002,-0.69914482276886,0.754571605114003,-0.0105520397611794,-0.695460362090728,-1.30137724988096,0.379731340802817,0.729313861911054,-0.34565024182607,3.67854591350276,-1.12126440155663,7.03211482281624,-1.93893491135075,0.600265960952269,0.11196494545732,-0.0654354142121183,0.312785532092904,0.343523647855752,0.096968728530576,-1.89356715101865,0.478645210743266,0.0962400367870146,-0.71816098927061,-1.07474963620605,0.404412471437153,-0.743404924917977,0.159897201860063,-1.48782726831776,0.44624305776902,-0.502621255139912,0.405521846911807,-1.84779974607808,0.568988941757468,-2.07977836986538,-1.10605068190515,-1.49735716297973,-0.0830084464203062,-1.50733779640902,-1.14359522909395,-0.125670945071179
0.735010484452487,1.12635006999615,0.44542442259687,-2.11321704056335,-0.486810452000955,0.590867757889865,1.04418459478911,-1.33163066774642,1.71769927509724,1.98150530389287,0.418526111015356,0.540823010668321,0.61219590291153,-0.56962074930852,-3.0152504268054,0.378664777362314,1.35222550125756,-0.710276247353368,-0.587920967463417,-0.410464904723555,0.41687203088297,0.295729889324435,0.924771836615648,1.24273163381529,-0.714979872457257,0.339507522333518,0.377980820411118,0.440933526324406,0.863937224839298,0.351191130371592,0.441029377483466,-0.32609004590565,-0.165407900297264,-0.114279255096347,-2.22742420098156,-0.522928448313739,1.60286053264264,-0.27186113526316,0.31791522978545,-0.748764380510206,0.755149615425023,-1.27935960141852,-0.163688660876869,2.24298480924104,-0.668016175347836,-0.128229798359648,-1.2183703556967,0.378061957925632,-0.974983407093989,0.798428492856372
-0.52437984993628,-1.395582441733,1.29137574789267,1.57171523849339,1.8009606755778,0.94285049639485,0.389917476826264,0.0159916187067454,1.29670090231827,1.4759453029169,0.105994855202854,0.400120140916089,0.0571318229797751,-2.37523353233981,0.282554710065118,1.53474265613116,0.223814144511861,-0.924371023521544,0.398895374580822,-0.133081562018615,-1.50259153385928,2.36623708073617,0.0376685258828371,1.54095563068144,-2.64700773226247,0.24422680994346,-0.0204922274419851,1.00365267118083,-1.16983308041233,-1.34924752316269,0.659991958084576,0.900214458689036,-1.67168171410717,0.00100884119987018,-1.20615154528076,0.847415451813001,-0.943898160388442,-0.162605452578457,-0.537539769753666,-1.77855990867913,-2.57783538827366,0.30616623866279,0.0684923572568764,-0.477568699163916,-1.46495926286656,0.499171430225971,-2.46705725875391,-0.152103248485288,4.43987375101782,-0.135627777805366
1.29001370262676,-0.998337508580526,0.223597426979677,1.7683405530841,-0.212713791554422,0.386407763784066,1.22629935759055,-0.155620100791199,-1.12880114678919,0.613260886012175,-2.72398941640387,-1.31071347969005,-0.909841038046827,-2.10825393174649,0.0558635992994739,0.65515786041028,0.674563264978536,0.626310785448786,1.56487773076957,-1.05526649784405,-0.634241550349587,-0.962938575318235,-0.776947093881323,-0.604039677461566,0.676386232154509,0.185625098770586,-0.195983930037249,-0.426570183633411,-1.43588632181148,-0.583583727510919,2.04541706955125,-0.621222686263786,1.60441464986529,0.227947323470341,-0.390267032806741,0.776918974092346,0.0973218187359007,1.10520498606827,-0.444663636227029,-0.311590848248071,0.680954642195614,-0.894229024417137,0.867681893011443,-0.419698598192112,0.723270068768021,-0.635174903792982,-0.450326499891439,-0.0958636131166826,-0.222844053638596,-0.625113604549464
0.19263246809136,1.51301260891365,1.32506989207874,-1.05135345059343,0.542707469164744,2.0101688344021,0.402972944265246,0.205284858415556,0.763748099795725,1.07286434334014,0.996942625933694,0.114300376845923,-2.65615136507077,-0.340216280688358,0.428666880290147,0.146467471803378,0.168891216021407,3.01609631138436,-2.44900015547099,-0.856483769262883,0.109747789887249,2.85414780492596,2.66755174441474,-1.68198131191564,1.22862225600486,3.42532513772125,0.618675563805929,-0.578663152571575,0.442148501314745,1.23696616162296,0.322456696362164,0.385533101541816,-1.79993300844777,0.304906187693064,-0.310457756584466,-0.182287505882121,-0.170704215550865,-0.468423837492923,0.108306028717509,-3.16287356778527,-0.683988517440611,-0.897870658327223,-0.0132465294399242,0.703000634364666,0.736707287898756,-2.03601418447035,1.8155436296591,-0.110464380721434,4.64126949129337,0.842349764141876
-0.716797263939794,0.985012369187874,-0.710864990445199,0.12417694036815,0.70231010565926,-0.0355184444807943,-0.75398659493575,-1.91405170046048,-0.793885286559637,-1.24887274810117,1.08042220630133,-0.77636190087005,1.44458315535942,-0.0801496628951728,1.5485058185845,-5.43243086190539,0.0591651263693773,-1.58208673051414,-2.32920398026643,-8.88528557277764,0.153329016189167,10.8046336777368,-2.15273767275046,-18.8622722133263,0.85321523951541,-1.00630549791563,-0.600829914314041,3.12209685996649,0.305205720668321,-5.00271290621833,-1.05851835984913,2.66814060151454,-0.191077103241936,0.638193556904774,-4.65343257286214,-1.35048619557573,-1.62315405578349,-1.08315924222098,-0.612058398855446,7.12264455686814,1.41141327803801,-1.66740999163836,0.879927857436378,-1.02054082128504,-1.0623913264335,-0.0804679381434213,0.12771879171404,1.06913820491464,1.17921339915119,-0.245173698009304
0.110404302960248,-0.176599066274436,0.67703483255522,-1.00977049101366,-0.309166520236165,0.327419626660036,-1.44577605979568,-0.976834230444463,0.103207920178023,0.508044266513283,-1.04659922529938,0.0307253620468547,-0.247830344658353,0.0983317645524697,0.0602594765835976,-1.42934077972117,-0.343258530026576,-0.270865485569714,0.0366673744783935,-1.52473907216782,0.647056433783889,-0.485623442854056,-0.290438818327519,-0.38213059550981,0.0419835408071907,0.648127001164593,-0.829175115802352,0.0839747906339292,0.79979212497438,-0.073785262924224,0.643179713208636,-1.1032976002346,-0.191766429566386,-0.142202718222597,0.251749092163548,-1.30601267954383,-0.869588660453228,-0.206117708186021,1.09581378771542,0.971348124553575,0.279526266171272,0.441590024716269,-0.777847116102158,-0.768889177627319,1.91076380333715,0.701945448550122,-0.332156575022856,-0.299389339019707,1.40127658253684,0.778783087270216
-0.294320462965654,4.40987835723103,1.49603388402525,-1.24252353299926,0.840428825598854,-1.15917003813012,0.254571570816807,0.511435897164685,0.876608729888268,-0.758940265123038,-1.73501366164875,1.62546345463411,0.652925627322188,-0.110034613870082,-0.839554940463159,0.83563057705976,-1.30889360853683,0.170954045107366,0.322600984388074,1.13875768408165,0.985680335804811,1.33482580156994,1.62669708044816,-0.885001405340297,-0.22506267982019,0.606793721263777,2.08613009947954,2.15354414126874,1.89059870140627,0.365907146539087,1.29907127224612,1.22046348573726,-0.648297671778933,-0.536355292696053,3.4631039000968,-0.142043470740319,0.872256187628073,1.51419594418391,-3.65320346466773,-1.89363897097345,0.0865257459700101,0.556282683896522,-0.845185779051821,0.496508458525091,-0.334179295804141,0.695535489170816,-1.30539927286329,1.2703706874496,-0.552346873058237,1.61948690315954
0.120435867335514,-1.15898683196693,1.5771177799712,-0.474795969986249,-0.184589989271767,0.291465426299611,0.328980093483085,-0.48917201491775,-1.17925164351486,0.404576329187534,-2.55661554236382,1.21700880031315,0.678732747594298,0.873489116091215,-1.22703100778489,-0.66785344781376,-0.368876232834868,-1.9070269082105,0.507316784913701,0.0766967082799785,-0.316114354001961,0.37282054670277,0.473274248344787,-0.764811783021279,-0.0291262771328268,-0.342713061408994,0.18542845467799,0.108525775562961,-0.201770769280491,-0.129770001274497,-1.80482216693229,-1.61767732514052,0.659849492470621,0.617906764336862,1.01287611878938,-0.893937478680518,2.43186405186496,0.554960901152742,-0.146350659315918,-0.719702916320893,-1.0657016406298,-0.57286841013851,-0.424356933491957,-0.150617527165384,-0.549253796691176,0.77032120078093,0.329956946294111,-0.167657031527711,-0.107667133342834,-0.186147240706356
-1.16790294153822,0.415768560009705,-0.187725808519639,-0.72771176274175,0.291465366480204,0.875002700861778,0.749150353365201,-0.104778509957584,0.000044628101998403,-0.296250943437943,-0.105133924335895,-0.909028500177032,-0.114339428112969,-0.152856706373103,-0.479541311578265,-1.40307612616305,-1.21917646871977,0.803289350181578,-0.670664820113106,0.93360837567252,0.744882035305505,1.72733621675152,-0.417544040474307,-0.662708724640286,0.454162583314903,-1.40107143759486,0.0880376473565606,-0.0462660000415767,-0.641133622776163,-0.538638473625826,0.644314251280401,-1.68421811166232,-0.62202832814456,0.575930120989118,0.85486412111433,1.41814044486051,1.1930310398317,-1.18067462046356,0.546848990009213,0.72035652266491,-0.240879196538969,1.99036125298349,-1.43059095614201,1.17503755254376,-0.551256476373701,0.591644372949454,-1.35776306742574,1.37169983565522,-0.717396241321752,-0.115649753291682
-0.457668286548413,-1.18440704154561,-1.46775723217657,-1.04967424036765,1.16687932178794,0.513997523499807,-0.995914688873715,1.44039952636227,0.050688245229998,0.298330116476119,-0.132691800480388,2.28236757306726,-0.669448396632611,0.363870346003211,0.168013907130486,1.55986658128223,0.608063423210675,-1.23587615991514,-0.789760290357905,0.0821010804259738,-0.28573682678113,0.918944469147834,0.268712391344502,-0.798877287354826,-1.70342414275781,0.77993371289969,0.277310299433137,-1.14398273997703,0.309818252258631,1.69650994349561,-0.625723547466222,0.378813504948353,-0.237738719498694,2.69458877906984,-1.73725906872452,-0.398669906195806,0.00950880036489152,0.587898174129427,-0.720822090989414,-0.342439308696411,0.644303773183473,-1.71318974135294,-1.01657429246931,1.33098942628809,1.74427127790088,0.359723593280864,-1.37875122219963,-0.268851094353782,0.773251935347309,2.00727037479272
0.522790177593833,-0.100521771077082,-2.19483232597282,0.942643639578493,-0.809728260842082,-0.118607941588519,-0.445038122453769,0.808155640903594,-1.23744773119785,0.981394767102242,0.339442909635117,-1.9543489552342,-0.272607449304631,-0.531178823461222,0.997430711606283,-0.917176048957907,-1.0674915836841,-0.147263859276648,1.85936997310755,0.918457954290419,0.628513663839381,-1.25396125642698,0.667966994459658,-1.18617272936975,-0.387002725053457,-0.672556851318617,-0.111437485794097,0.563158573845883,-1.8568425433904,-0.689326707729562,-0.275322280956845,1.03564066834209,0.480995120584359,-0.466783062695518,0.450179716234185,1.1043186275359,-0.0208648473312089,1.40627899331839,-1.44258477267344,2.87673062466608,1.42379744299467,-0.777990840798386,1.5978185317242,0.888162235368115,1.29048485751385,-0.313561192095009,0.64110614406238,0.12784001500279,0.0255385686582725,-0.777600587252692
-0.139264045250783,-4.0302218117739,-0.251250328002784,-1.16397213775101,-0.125270379074625,1.35400052321429,-3.14961625665659,2.44808076908015,0.813725559573483,-1.47570308188735,0.0560240311693391,-0.596860151395194,-1.27158570377809,0.593443763431517,-0.877403955599426,0.439699046572668,1.24469297584382,0.234644584288326,-0.778182651161888,-1.0464956890859,-2.13016784160889,14.2617534968234,1.26784445438685,0.714068017311866,0.132321771842994,-0.896749827847571,-0.552140245432779,-0.752498505091189,1.67529993616213,2.64128936492156,1.47490286343254,2.61400377718389,0.668006983836518,-0.306971542171095,1.67295520168156,0.149065740482029,-0.754665214486758,1.0951305070886,1.6856373166145,1.15321571359291,-1.31220607552849,-1.0643203028683,-0.731283929777804,0.99350037153204,1.3954221524166,-3.82012940353112,0.764443299501499,-0.534261954514009,-1.74271198657429,0.911513733388123
0.362971632747206,-0.30633889003952,0.619578785272569,-1.66208603910336,-0.213694173475531,0.796912552250559,-2.12021589097443,-0.327604353711793,-1.38959606875129,0.714542406117987,0.588979525474861,0.908306474367899,0.0625663319146593,-0.963718817160118,-0.296365626000974,0.115456049142673,0.571732016393892,1.99822228682489,-0.0863179117579457,-1.45146279387558,-0.0926188746806166,0.499087699830773,0.216501792335849,0.500933867468294,0.122246898311433,-1.22008839946615,1.55473240988967,0.223379936245895,0.308227219062305,0.535915534577497,-0.0312672918146225,2.11651029561212,2.0166744781072,0.183750938678614,-0.241812890317207,0.640389602871139,0.351474687501718,-0.289564889298129,-0.0245560634986231,-1.0084642216332,-0.73681365487939,0.97486871838744,0.699840602987662,-2.66516525329146,-0.848096332477965,1.02694142036324,-0.31751124781643,0.84717382224682,-0.600526900820347,1.35693317518077
-0.278477666709016,-1.32651235178465,-0.201939275251918,-0.373308132637425,0.108304226920859,0.38965938184163,0.743913134586452,0.601075831009691,0.834828283259976,-1.2063618212117,0.764522304547713,1.19034040092221,0.435102552568257,-0.371932274649453,-0.0258529171628982,-0.886463467688025,-0.164861069096638,0.00501124343779973,1.09877282304348,0.395228519889216,-0.115886361530491,-0.320418610293092,0.907205159508259,0.27310614075631,-1.16157647282253,-0.713514112798914,1.19625556006863,-2.10019686883067,1.50211973368635,1.27827126860211,0.0479488105102693,-1.54599182695293,0.188669586512054,0.0440327700683543,-0.110640196096755,-1.21354762621351,-0.391840060830234,-2.14586992963639,1.3022144378179,-0.683313200318769,-0.169198617516261,-0.810604049393407,1.08830090545011,-1.6098886479433,-1.70419828339217,-0.296170729184812,0.0990168552331649,-0.0708056161795144,-0.619983942786259,-1.31443262319062
0.456567222989379,-1.34639635625073,0.586097002939001,-0.83824666114618,0.902392386701157,-0.277923804742668,-0.155099501357427,0.700730632202944,1.81673362324083,0.244782271633697,-0.265614088350572,-0.752293970279462,-0.220683867272274,-0.389074349067914,-0.750957266969079,-0.00384718333028822,-1.02401320467568,0.34380785046119,-1.32434066314898,-0.264540873095331,-1.55692255130163,-1.96674616474959,-0.829215971534737,-3.64786530407008,-1.05677862484206,-0.035385986118198,0.683072193497035,1.01057410920748,0.556693786399536,0.0373930043263994,-1.51666792085264,-0.996571934565643,0.512595201497265,0.0674050610564963,-0.551436056579346,-0.350422368591842,-0.161777658512899,-0.808971978309537,2.14702489484083,0.196814534312392,-1.43143934577926,0.175435103054227,-0.575418110175958,0.0303291313793038,1.46979248663795,-1.29536474438145,0.411779852771807,0.668400835178779,-1.00520626964616,0.723034242068706
-0.230748147060018,0.552127507718971,1.17125974911037,1.29344405062656,0.827550201856915,-0.232988751129686,0.901807269250155,-1.35253722508002,0.0277132301223711,-0.52869441351593,0.429128319230907,-0.457713659961169,0.634271442499018,-0.211522108843724,0.7238412387017,0.71872967469922,0.51515191217479,0.636133434859565,1.11303703394348,0.431619254755671,0.451910677734825,1.8563672684379,0.142862515802309,-0.504313359549382,-0.865802639187448,1.10156807857877,-0.798138195217442,-1.85354062619503,-0.044653162157475,-1.02745354960589,0.286900816192239,-0.421519640361316,-1.74155868182798,0.384930371583883,0.181965581924702,0.722227832374931,-0.251268438544018,1.01955826377262,1.03751989974988,-1.06121169191181,0.292975569227118,-0.734807138577502,1.28699538159221,0.52308835939521,-0.259131797453866,0.0351661389566194,-1.70554350610025,1.87688276458626,-0.816308666383249,0.652434718443339
