-0.00000000000000000000020979091869015,0.00000000000000000169039662470889,-0.00000000000000000000000123004753811442,0.000000000000000000000000000630669497376165,-0.00000000000000000000000317402326735427,-0.0000000000000000000000000013121507081786,0.000000000000000000000000456214778264514,0.00000000000000000269462914692188,0.000000000000000000000000450232550197384,0.0000000000000000000000000925185190847419,-0.000000000000000000000000000819487428382647,0.000000000000000000000000700048380713288,-0.00000000000000000163974111797191,-0.00000000000000000000000000694188583242351,-0.00000000000000000195794684967067,-0.00000000000000000263832978686545,-0.0000000000000000000000000390828532206194,0.000000000000000000000000423728746630414,-0.0000000000000000000000000031453744739488,-0.00000000000000000000000201331226407379,-0.0000000000000000000000000237215003987187,0.00000000000000000000000000581595136463776,0.00000000000000000000000000440245205980968,0.00000000000000000000000000294997925144099,-0.0000000000000000000000000302631571886552,-0.0000000000000000035947979019799,-0.0000000000000000000000000919567761645147,-0.00000000000000000159407837001472,0.000000000000000000000000047677159982308,-0.00000000000000000191887869574949,0.00000000000000000210037990652679,-0.000000000000000000000000000504212792782953,-0.0000000000000000000000000000531520011796623,-0.00000000000000000000000877280222010528,0.00000000000000000000000000572531401996699,0.00000000000000000208142154727254,0.00000000000000000272723577948811,-0.00000000000000000141235113213504,0.00000000000000000000000000896196139546821,-0.00000000000000000000000000984602718081611,0.0000000000000000000000000821050127939522,0.0000000000000000000000492882281511569,-0.0000000000000000000000000380207845157195,-0.000000000000000000000000372837924476119,0.0000000000000000000000000137772184351158,-0.000000000000000000000000000263807672658093,0.0000000000000000000000000219767835139148,0.000000000000000000000000667369768410701,-0.0000000000000000000000000256422380359759,0.00000000000000000132453401939123
-0.00000000000000000000000141941152765285,0.000000000000000000119214407254485,-0.0000000000000000000000000773963698434221,0.000000000000000000000000000117244945558021,-0.000000000000000000000000303670353787308,-0.000000000000000000000000000164705119583883,0.0000000000000000000000000375076643932403,0.00000000000000000021785773740357,0.0000000000000000000000000390071595515731,0.00000000000000000000000000895977430942337,0.0000000000000000000000000000707774259181516,0.000000000000000000000000250069301385513,-0.000000000000000000145691450535935,-0.000000000000000000000000000563988747135375,-0.000000000000000000170695259297035,-0.000000000000000000218599511617877,-0.00000000000000000000000000364913727320025,0.0000000000000000000000000359530722310583,0.00000000000000000000000000011053659452398,-0.0000000000000000000000000616339120660956,-0.00000000000000000000000000172164771074405,0.000000000000000000000000000469553179724777,0.000000000000000000000000000384543763463367,0.000000000000000000000000000204905416424943,-0.00000000000000000000000000173331518694014,-0.000000000000000000293288234064704,-0.00000000000000000000000000732217764812628,-0.000000000000000000134246075517466,0.00000000000000000000000000413591568145813,-0.000000000000000000158329762169374,0.000000000000000000164969217828911,0.000000000000000000000000000110856058153505,-0.00000000000000000000000000000873022689621242,-0.000000000000000000000000796569851202058,0.00000000000000000000000000240703533340093,0.000000000000000000166143853072827,0.000000000000000000259612444707358,-0.000000000000000000118542271307997,0.000000000000000000000000000615900648042377,-0.00000000000000000000000000127932660265392,0.00000000000000000000000000675020958063831,0.00000000000000000000000642851547463696,-0.00000000000000000000000000429480990928794,-0.0000000000000000000000000298509927731168,0.00000000000000000000000000126150770621546,-0.0000000000000000000000000000215155504478463,0.00000000000000000000000000163170658974817,0.0000000000000000000000000703331434911544,-0.00000000000000000000000000200614338582701,0.00000000000000000010655162916949
0.000000000000000000000368177843260573,-0.00000000000000000530453845550607,0.00000000000000000000000320761493685084,-0.00000000000000000000000000425400946860208,0.0000000000000000000000117854028525764,0.00000000000000000000000000891978661117404,-0.000000000000000000000000868966180272132,-0.00000000000000000887357588525954,-0.00000000000000000000000127288672818006,-0.000000000000000000000000406334339018388,0.000000000000000000000000000676556848675881,-0.0000000000000000000000120483365031738,0.00000000000000000543888540828418,0.0000000000000000000000000230668506179743,0.00000000000000000672606240024887,0.00000000000000000817173546938484,0.000000000000000000000000145008115774887,-0.00000000000000000000000144875242016164,-0.00000000000000000000000000411428710299668,0.000000000000000000000010833944304154,0.0000000000000000000000000690403114010619,-0.0000000000000000000000000174776709561263,-0.0000000000000000000000000155218721494176,-0.00000000000000000000000000889465399577177,0.0000000000000000000000000825689862657386,0.000000000000000011746020119354,0.000000000000000000000000250434519332727,0.0000000000000000052858917365476,-0.00000000000000000000000016625057455663,0.00000000000000000610520751583647,-0.00000000000000000651943599195557,-0.00000000000000000000000000222522388738388,0.000000000000000000000000000304665265315047,0.0000000000000000000000313322519571632,-0.000000000000000000000000115660850749097,-0.00000000000000000664300064544905,-0.00000000000000000971253141383226,0.00000000000000000472705885446443,-0.0000000000000000000000000244470521348079,0.0000000000000000000000000282051854872808,-0.000000000000000000000000269398439671401,-0.000000000000000000000159023667849568,0.000000000000000000000000096718260469743,0.00000000000000000000000121591105208525,-0.0000000000000000000000000438186440796457,0.000000000000000000000000000866422437423861,-0.0000000000000000000000000637936221723402,-0.00000000000000000000000264608540349848,0.0000000000000000000000000877490229109449,-0.00000000000000000429053827442733
-0.00000544343629371724,-0.066251203417778,0.000000118398993720348,-0.000000000346570161458004,0.000000340311743229904,-0.000000000118101639579038,0.000000025494509614532,-0.108883909881115,-0.0000000349185356185444,-0.00000000642263353611838,-0.00000000029930993794558,0.000000413343940408595,0.0858017951250076,0.0000000000332793341495385,0.0922545194625854,-0.0736485794186592,0.00000000423989598985486,-0.0000000339244969893571,0.00000000100451025275561,-0.00000406052731705131,0.000000000758208384965542,-0.000000000314845954862975,-0.000000000468850958057487,-0.000000000283198686723551,0.00000000250436826831901,0.129837349057198,0.00000000695268509431912,0.0792632699012756,-0.00000000113907827614668,0.0934601128101349,-0.0985166504979134,-0.000000000484993545324386,0.0000000000173877127973565,0.000000747849242088705,-0.00000000503875519086705,-0.0989655256271362,-0.0997538268566132,0.0822740569710732,-0.000000000825815749116998,-0.00000000157962831703884,-0.00000000590817350598627,0.0000453318716608919,-0.00000000166983493699036,0.0000000299489890664972,-0.000000000247237230688313,0.0000000000089994262042481,-0.000000000175320633011289,-0.0000000667894752837128,-0.0000000000357415382012949,-0.0909747779369354
0.00000383848191631841,0.0685655549168587,-0.0000000949597804833502,0.000000000279316764162374,-0.000000280301890143164,-0.0000000000131945244660758,-0.0000000133441835359349,0.105062209069729,0.000000028817121133784,0.00000000810790101724024,0.000000000383240550405617,-0.000000251362109793263,-0.0889605209231377,-0.0000000000479666306674176,-0.0901943668723106,0.0823447555303574,-0.00000000382107590013447,0.0000000306603915589676,-0.000000000822730550353867,0.00000222623134504829,-0.000000000875091554775054,0.00000000037126365870499,0.000000000391516430386929,0.000000000191207619182343,-0.00000000228692420556342,-0.11508434265852,-0.00000000692063695240108,-0.077342577278614,0.00000000163008784248575,-0.0905594155192375,0.0897366479039192,0.000000000326099286462878,-0.0000000000353381282569565,-0.000000614499469975271,0.0000000036339296016763,0.0953898951411247,0.0878873094916344,-0.0798066183924675,0.000000000705781544318995,0.00000000119412979504574,0.00000000521311971368732,-0.0000331241790263448,0.00000000098180108487611,-0.00000002814369715054,0.000000000337808780948023,-0.00000000000871995878282128,0.000000000354327595042392,0.0000000670209345798867,-0.000000000499468411074844,0.0867918878793716
-0.00000254879751082626,-0.0860577076673508,0.000000103571132115121,-0.000000000239151032310758,0.000000212164536605997,-0.0000000000858049395424665,0.000000016552430537331,-0.118083298206329,-0.0000000324331210777018,-0.00000000528110977171536,-0.000000000187354562419806,0.000000109345627663515,0.106836944818497,0.000000000149734946663926,0.102845430374146,-0.109291985630989,0.00000000364734731306271,-0.0000000301089819743083,0.000000000630784868782541,-0.00000256779753726732,0.000000000849428916094297,-0.000000000420832785286152,-0.000000000399524996419487,-0.00000000023282120675816,0.00000000177443781890219,0.107894726097584,0.00000000623856832859815,0.091653473675251,-0.00000000208230255260844,0.104440234601498,-0.0885200649499893,-0.000000000352127438318917,0.0000000000227748878783851,0.00000063578454501112,-0.00000000341088490785069,-0.111287921667099,-0.0884578451514244,0.0949326977133751,-0.000000000623539497812686,-0.00000000152416368415231,-0.00000000540276223759406,0.0000196546261577168,0.000000000016255169085766,0.0000000269304916145074,-0.000000000649093390148181,0.00000000000983699927070703,-0.000000000304441222231944,-0.0000000589762976233033,0.00000000045125309044991,-0.10433616489172
0.000000000000000000000240815227748907,-0.00000000000000000305413114691931,0.00000000000000000000000196062680801202,-0.00000000000000000000000000272974646599839,0.00000000000000000000000720340131449153,0.00000000000000000000000000416079445929374,-0.000000000000000000000000735753211359723,-0.000000000000000005302628909062,-0.000000000000000000000000890389177267606,-0.000000000000000000000000222310001035981,0.000000000000000000000000000675716661737642,-0.00000000000000000000000682827192164906,0.00000000000000000322916504607737,0.0000000000000000000000000136311821007807,0.00000000000000000403069851014789,0.00000000000000000517201626315926,0.0000000000000000000000000865377146650264,-0.000000000000000000000000872333827476521,-0.00000000000000000000000000594730941649469,0.00000000000000000000000765669183468419,0.000000000000000000000000043134116192116,-0.0000000000000000000000000103196680505513,-0.00000000000000000000000000868519062539219,-0.00000000000000000000000000519442565300681,0.0000000000000000000000000502427297798251,0.00000000000000000711992734404813,0.000000000000000000000000171298742008172,0.00000000000000000313319782615566,-0.0000000000000000000000000997243628605074,0.00000000000000000374218618429552,-0.00000000000000000409442160940683,-0.00000000000000000000000000287615816407964,0.000000000000000000000000000183554268171974,0.000000000000000000000017570054395107,-0.0000000000000000000000000698080517881408,-0.00000000000000000397236614694095,-0.00000000000000000579644704935972,0.00000000000000000277597553592641,-0.000000000000000000000000017789015250192,0.00000000000000000000000000791933687928683,-0.00000000000000000000000016209893519792,0.000000000000000000000163234569496315,0.0000000000000000000000000726861799859605,0.000000000000000000000000726517474400428,-0.0000000000000000000000000278084346742733,0.00000000000000000000000000051738138692595,-0.0000000000000000000000000356846900414481,-0.00000000000000000000000157960067990303,0.0000000000000000000000000510456391884324,-0.00000000000000000253864170175331
-0.0000000000000000000000725133755180255,0.000000000000000000876356499969305,-0.000000000000000000000000513903190187195,0.000000000000000000000000000597782510238803,-0.00000000000000000000000209624402774832,-0.00000000000000000000000000130788236593935,0.00000000000000000000000027261105105601,0.00000000000000000157272790782654,0.000000000000000000000000267883185783891,0.0000000000000000000000000681089933097145,0.000000000000000000000000000141697767875239,0.00000000000000000000000200100859775029,-0.000000000000000000984530010600162,-0.00000000000000000000000000405056270336877,-0.00000000000000000120426919615638,-0.00000000000000000149892230408119,-0.0000000000000000000000000258546573236341,0.000000000000000000000000261474997479845,0.00000000000000000000000000209982273684494,-0.0000000000000000000000000944229710583894,-0.0000000000000000000000000125249680000676,0.00000000000000000000000000308040746432078,0.0000000000000000000000000028283617828708,0.00000000000000000000000000156048050039388,-0.0000000000000000000000000148714917701738,-0.0000000000000000020983313937398,-0.0000000000000000000000000544367395973117,-0.000000000000000000944636433825225,0.0000000000000000000000000296790118513148,-0.00000000000000000112837475456918,0.00000000000000000123554344755094,0.000000000000000000000000000562657062875328,-0.0000000000000000000000000000529802864695269,-0.00000000000000000000000498666667207975,0.0000000000000000000000000260452689213461,0.00000000000000000119662883903096,0.00000000000000000174073480428338,-0.000000000000000000840088662614341,0.00000000000000000000000000458864942608909,-0.00000000000000000000000000779171320559206,0.0000000000000000000000000471820973789873,0.0000000000000000000000000162852368236628,-0.0000000000000000000000000208937298763409,-0.000000000000000000000000223653800936122,0.00000000000000000000000000875772345821375,-0.000000000000000000000000000155438904879515,0.0000000000000000000000000114363022026356,0.000000000000000000000000478888662136636,-0.0000000000000000000000000170966064573298,0.000000000000000000770155349810293
0.000000000000000000000332723859337946,-0.00000000000000000393309078427632,0.00000000000000000000000221952129355947,-0.00000000000000000000000000381814147768012,0.00000000000000000000000909405793514748,0.00000000000000000000000000470529414354288,-0.000000000000000000000000998406126082482,-0.00000000000000000696866082543056,-0.00000000000000000000000116473547579607,-0.000000000000000000000000221325058892006,-0.000000000000000000000000000505186205925095,-0.00000000000000000000000902796085762083,0.00000000000000000410210818524898,0.0000000000000000000000000179773665765212,0.00000000000000000526709653866917,0.00000000000000000683602117343676,0.000000000000000000000000114144302636664,-0.00000000000000000000000117336758625145,-0.00000000000000000000000000324788517672672,0.0000000000000000000000102580955648653,0.0000000000000000000000000549464731645767,-0.0000000000000000000000000126087783082715,-0.0000000000000000000000000128638607960578,-0.00000000000000000000000000644199607829022,0.0000000000000000000000000655498360885402,0.00000000000000000937144431542663,0.0000000000000000000000000400969154253536,0.00000000000000000410941508518997,-0.000000000000000000000000127300271538503,0.00000000000000000509297956922012,-0.00000000000000000544254444172381,-0.00000000000000000000000000267907351582461,0.000000000000000000000000000138489264884387,0.0000000000000000000000244632156482368,-0.0000000000000000000000000879055008670665,-0.00000000000000000520378413458436,-0.00000000000000000753660882427376,0.00000000000000000364611908231483,-0.0000000000000000000000000204125432130835,0.0000000000000000000000000217690218952341,-0.000000000000000000000000207181226595653,-0.0000000000000000000000974807916138343,0.0000000000000000000000000958039706805919,0.000000000000000000000000953210509885334,-0.0000000000000000000000000350507170445866,0.000000000000000000000000000659573035461302,-0.0000000000000000000000000483593089611704,-0.00000000000000000000000215149564833477,0.0000000000000000000000000645107953427993,-0.00000000000000000332261701655147
-0.000000000000000000000111717282328824,0.00000000000000000106307256752087,-0.000000000000000000000000647452213845229,0.00000000000000000000000000104680840639257,-0.0000000000000000000000024776718832733,-0.00000000000000000000000000143988955248404,0.000000000000000000000000248424526398128,0.00000000000000000183400541540818,0.000000000000000000000000307818307686477,0.0000000000000000000000000771936387537561,0.000000000000000000000000000158734796941594,0.00000000000000000000000256868434363045,-0.00000000000000000113074504061445,-0.00000000000000000000000000474087839556735,-0.00000000000000000138688182748422,-0.00000000000000000155256103769734,-0.0000000000000000000000000301471730651723,0.000000000000000000000000290608715393401,0.0000000000000000000000000008527487200047,-0.00000000000000000000000546728254516837,-0.000000000000000000000000014422528226002,0.00000000000000000000000000356536663915319,0.00000000000000000000000000298662507605082,0.00000000000000000000000000185277002877579,-0.0000000000000000000000000158161896820309,-0.00000000000000000248937875357756,-0.0000000000000000000000000559504835557451,-0.00000000000000000109189443519436,0.0000000000000000000000000348834138214336,-0.0000000000000000012951907177391,0.00000000000000000141090377285822,0.000000000000000000000000000568523012151694,-0.0000000000000000000000000000596319910890787,-0.00000000000000000000000624063247284047,0.0000000000000000000000000239110427201256,0.00000000000000000136745456022023,0.0000000000000000020006448789149,-0.000000000000000000958959169529157,0.00000000000000000000000000508582939679062,-0.00000000000000000000000000750692132248366,0.0000000000000000000000000560383182871608,0.0000000000000000000000958537628413723,-0.0000000000000000000000000284197402460613,-0.000000000000000000000000248754245604607,0.00000000000000000000000000971120669210516,-0.000000000000000000000000000278162856313951,0.000000000000000000000000025940236405899,0.000000000000000000000000158229387568536,0.00000000000000000000000000171507528221583,0.000000000000000000910961911088191
-0.00000308387325276271,-0.0758615359663963,0.0000000768716788002166,-0.000000000198444510823848,0.000000246632566813787,-0.0000000000219119184602379,0.00000000593764415413034,-0.103090196847916,-0.0000000306087528656462,-0.00000000550025891499217,-0.00000000034074004728879,0.000000141893934824111,0.0924479365348816,0.000000000151573906204128,0.0925238430500031,-0.0878937542438507,0.00000000343416761694471,-0.0000000304082341529011,0.000000000852032500109345,-0.00000188282922408689,0.000000000626913632117976,-0.000000000317423171081188,-0.000000000384640513884094,-0.00000000036349756538101,0.00000000210954365087446,0.10691611468792,0.00000000661920296352037,0.0791672244668007,-0.00000000192292404221917,0.0929427146911621,-0.0873712599277496,-0.00000000027927937740202,0.0000000000301633266974743,0.000000626695680239209,-0.00000000301035263383653,-0.0979311764240265,-0.0851952135562897,0.0838762447237968,-0.000000000688101020607235,-0.00000000117828224954764,-0.00000000537386402044149,0.0000331104311044328,-0.000000000205452113655191,0.0000000259365933175104,-0.000000000241914155374445,0.00000000000878547061489154,-0.000000000397624849712841,-0.0000000519905185569769,0.000000000309687636645961,-0.0914337262511253
-0.00000414124860981246,-0.0573269613087177,0.0000000786401130881131,-0.00000000020956844593023,0.000000251978661935937,-0.0000000000376553718761663,0.0000000109179776330848,-0.0839145109057426,-0.0000000237032118377556,-0.00000000414490353151109,-0.000000000271539568608148,0.000000228959564196884,0.069197878241539,0.000000000102502541177163,0.0733285993337631,-0.0606960542500019,0.00000000321616355769550,-0.0000000256459955494392,0.000000000755466078583567,-0.0000021392863800429,0.000000000525749555002619,-0.000000000177449416272069,-0.00000000030520053151406,-0.000000000252573184589266,0.00000000179726833415828,0.108840085566044,0.00000000630994101413762,0.0600601471960545,-0.00000000138733213805864,0.0733190849423409,-0.0841555967926979,-0.000000000272323663619289,0.0000000000182747827287555,0.000000537050254934002,-0.00000000341539685422276,-0.0765153989195824,-0.0832086950540543,0.0652160122990608,-0.000000000607169370336891,-0.00000000151302792517072,-0.00000000419930712425298,0.0000480094568047207,-0.00000000189023152685763,0.0000000212833271007185,-0.0000000000727228485764009,0.00000000000634423980364063,-0.000000000283252560295821,-0.0000000467638088252897,-0.00000000003078479485219,-0.0705038011074066
0.000000000000000000000333947111233792,-0.00000000000000000418115852766822,0.00000000000000000000000278838348624109,-0.0000000000000000000000000037902050934648,0.00000000000000000000000968194232526715,0.00000000000000000000000000567300114044556,-0.000000000000000000000000993440345291729,-0.00000000000000000719660533247057,-0.00000000000000000000000122477370714018,-0.00000000000000000000000029463851272011,-0.00000000000000000000000000103210961276051,-0.00000000000000000000000931957985731478,0.00000000000000000438871179183788,0.0000000000000000000000000185521488128439,0.00000000000000000544783591610231,0.00000000000000000763155509652443,0.000000000000000000000000118014121436984,-0.00000000000000000000000119021065404644,-0.0000000000000000000000000034623286167565,-0.00000000000000000000000393875528406728,0.0000000000000000000000000526462225576863,-0.0000000000000000000000000140133898315922,-0.0000000000000000000000000125796220400294,-0.00000000000000000000000000706158237846717,0.0000000000000000000000000670591796822367,0.00000000000000000970093930472794,0.000000000000000000000000229284591469976,0.00000000000000000419076292176057,-0.000000000000000000000000132614654893654,0.0000000000000000051716237659586,-0.00000000000000000555061352080233,-0.00000000000000000000000000188059528683331,0.000000000000000000000000000169486228633762,0.0000000000000000000000246117628898554,-0.0000000000000000000000000958339658839178,-0.00000000000000000537328047313168,-0.00000000000000000784787688877746,0.00000000000000000374722040550352,-0.0000000000000000000000000209381865024332,0.0000000000000000000000000248161620012535,-0.000000000000000000000000220495275827327,-0.000000000000000000000161681283441273,0.0000000000000000000000000986351370026477,0.000000000000000000000000986380040190001,-0.0000000000000000000000000337530809148409,0.000000000000000000000000000697377884711657,-0.0000000000000000000000000508408866426968,-0.00000000000000000000000215064249526578,0.0000000000000000000000000677034756636001,-0.00000000000000000347574675949882
0.000000000000000000000149605223999307,-0.00000000000000000172751945662451,0.00000000000000000000000110256791165354,-0.0000000000000000000000000015191683401218,0.00000000000000000000000217092016483448,0.00000000000000000000000000231057898399619,-0.000000000000000000000000365945597443397,-0.00000000000000000297762748681097,-0.000000000000000000000000499682000218323,-0.000000000000000000000000127754618442055,-0.000000000000000000000000000219208624046426,-0.00000000000000000000000366748731800622,0.00000000000000000181396861943031,0.00000000000000000000000000772356224857998,0.00000000000000000220158959037572,0.00000000000000000283239463037651,0.0000000000000000000000000488223795569988,-0.00000000000000000000000048595291154289,-0.00000000000000000000000000137950221167077,-0.0000000000000000000000161466306222826,0.0000000000000000000000000235199834152897,-0.00000000000000000000000000579109377203155,-0.00000000000000000000000000509940412141064,-0.00000000000000000000000000300793992052433,0.0000000000000000000000000296812397670745,0.00000000000000000399684572998885,0.000000000000000000000000102235029787914,0.00000000000000000176049966463488,-0.0000000000000000000000000527885503213205,0.00000000000000000210403997394219,-0.00000000000000000233425074906544,-0.000000000000000000000000000734072435349073,0.0000000000000000000000000000845292759077434,0.0000000000000000000000105424341672649,-0.0000000000000000000000000388952553180845,-0.00000000000000000221762593411613,-0.0000000000000000030807187997583,0.00000000000000000156046092273995,-0.00000000000000000000000000919485948141109,0.00000000000000000000000000646856620780299,-0.0000000000000000000000000903987573877757,-0.000000000000000000000203985053889017,0.0000000000000000000000000389567279204214,0.00000000000000000000000031023767012708,-0.0000000000000000000000000295531700480046,0.000000000000000000000000000285803598182318,-0.0000000000000000000000000207183023103105,-0.000000000000000000000000887802403751773,0.0000000000000000000000000281147037577495,-0.00000000000000000143897145860822
0.000000000000000000000358793755880455,-0.00000000000000000424407471223962,0.00000000000000000000000297486054068925,-0.00000000000000000000000000613144372661767,0.0000000000000000000000102460181044063,0.00000000000000000000000000701726133784298,-0.00000000000000000000000112034292000044,-0.00000000000000000804142226286385,-0.00000000000000000000000131653164105277,-0.00000000000000000000000033562222798096,-0.000000000000000000000000000850107788568459,-0.0000000000000000000000111046671673295,0.00000000000000000493739558139533,0.0000000000000000000000000209921418150112,0.00000000000000000608137602879851,0.00000000000000000783007596199532,0.000000000000000000000000138275828898311,-0.00000000000000000000000133288758723878,-0.00000000000000000000000000430268118497065,0.000000000000000000000132482183947031,0.0000000000000000000000000634397872414695,-0.0000000000000000000000000156888194607168,-0.000000000000000000000000013396200158638,-0.00000000000000000000000000686586629603063,0.0000000000000000000000000726662674110795,0.0000000000000000107903469248082,0.000000000000000000000000248428298139331,0.00000000000000000475433678952459,-0.000000000000000000000000147675821489215,0.00000000000000000567839183233615,-0.00000000000000000658217267833404,-0.00000000000000000000000000741605286621956,0.000000000000000000000000000808620368671442,0.0000000000000000000000124949619375783,-0.000000000000000000000000105424493035336,-0.00000000000000000602367852671171,-0.00000000000000000897696022693887,0.00000000000000000402681241563011,-0.0000000000000000000000000235174997360334,0.000000000000000000000000160377394183695,-0.000000000000000000000000246662211135864,-0.0000000000000000000041385239489931,0.000000000000000000000000101857319488709,0.000000000000000000000000680687515427869,-0.000000000000000000000000097420371327293,0.0000000000000000000000000007884215043042,-0.0000000000000000000000000567211513563395,-0.00000000000000000000000239406406580299,0.0000000000000000000000000752646951141919,-0.00000000000000000387785373092156
-0.00000000000000000000055402011869324,0.00000000000000000642589468597532,-0.00000000000000000000000412650181292717,0.00000000000000000000000000589342305220871,-0.0000000000000000000000148999101145058,-0.00000000000000000000000000747532913804791,0.00000000000000000000000150804399465895,0.0000000000000000111511995039508,0.00000000000000000000000186574892921928,0.00000000000000000000000044694073224751,0.00000000000000000000000000212198248678506,0.0000000000000000000000134921767850863,-0.00000000000000000687824667575607,-0.0000000000000000000000000287585837382449,-0.00000000000000000838995977704674,-0.0000000000000000109301933878889,-0.000000000000000000000000183329166635632,0.00000000000000000000000189683931800063,0.00000000000000000000000000287031354447741,0.00000000000000000000000922946433180686,-0.0000000000000000000000000864995596817122,0.000000000000000000000000021670984357345,0.0000000000000000000000000195295089558138,0.0000000000000000000000000115601202387603,-0.000000000000000000000000101034987461798,-0.0000000000000000149477806717375,-0.000000000000000000000000333465901348442,-0.00000000000000000656097410718584,0.000000000000000000000000207465857471018,-0.00000000000000000787768599651204,0.0000000000000000085492582194122,0.00000000000000000000000000247141531958191,-0.000000000000000000000000000325067411587919,-0.0000000000000000000000393787625636059,0.000000000000000000000000146879589664911,0.00000000000000000830263597414074,0.0000000000000000121420179483628,-0.00000000000000000592741786446769,0.0000000000000000000000000325547549774915,-0.0000000000000000000000000565222844525139,0.000000000000000000000000342381508691637,0.000000000000000000000245980966635333,-0.000000000000000000000000152355664853729,-0.00000000000000000000000152598170556755,0.000000000000000000000000058687763104128,-0.00000000000000000000000000108821647797588,0.0000000000000000000000000781234099381722,0.00000000000000000000000332706622727167,-0.000000000000000000000000108209529483363,0.00000000000000000538782230830036
0.000000416667774061352,0.0592724941670895,-0.0000000391229164620199,0.000000000189566806696462,-0.000000264365525026733,-0.0000000000148313635678354,-0.00000000343343575792687,0.0912888795137405,0.0000000223683613853609,0.0000000072820656171757,0.000000000217988169182171,-0.000000032818288531189,-0.0737854242324829,-0.000000000232592917148722,-0.0795429423451424,0.0537791065871716,-0.00000000348986906040238,0.0000000265777515551235,-0.00000000046390505326066,0.00000129598129205988,-0.000000000896321072918482,0.000000000401095295865517,0.000000000288971374606817,0.000000000179437228964296,-0.00000000130126154296306,-0.106325946748257,-0.00000000527750110279612,-0.0642532706260681,0.0000000020886261609121,-0.0793261975049973,0.088013730943203,0.000000000132169220012912,-0.0000000000176716558053513,-0.000000418235288179858,0.00000000284938095340692,0.0833285376429558,0.0860238894820213,-0.0699699521064758,0.000000000501602370750476,0.000000000508654840469802,0.00000000459515314688019,-0.0000146641987157636,0.000000000252917214949022,-0.0000000230551986390992,0.000000000483008966156717,-0.000000000010408456214972,0.000000000594684523846922,0.0000000528291970169903,-0.000000000882849737759983,0.0752756223082542
-0.0000000000000000000000907651808623644,0.00000000000000000117459098975374,-0.000000000000000000000000750900178904678,0.00000000000000000000000000106337554466368,-0.00000000000000000000000260976762792868,-0.00000000000000000000000000160081486603319,0.000000000000000000000000279481856977162,0.00000000000000000202311110435184,0.000000000000000000000000342878540365733,0.0000000000000000000000000852324210378218,0.000000000000000000000000000239864824553087,0.00000000000000000000000268015591156452,-0.00000000000000000123357527468094,-0.0000000000000000000000000051659453861752,-0.00000000000000000153194676625433,-0.00000000000000000192595832781718,-0.0000000000000000000000000331724114958641,0.000000000000000000000000333854711167103,0.000000000000000000000000000966176749265375,-0.00000000000000000000000147851870591357,-0.0000000000000000000000000155032799921064,0.00000000000000000000000000405839931231248,0.00000000000000000000000000350465863100419,0.00000000000000000000000000200142312412631,-0.0000000000000000000000000185348539619433,-0.00000000000000000271071346713782,-0.0000000000000000000000000617406732962608,-0.00000000000000000119713310901188,0.0000000000000000000000000375247481622189,-0.0000000000000000014273873111173,0.00000000000000000158195976045051,0.000000000000000000000000000543807408730627,-0.0000000000000000000000000000603562189890723,-0.00000000000000000000000718557936892077,0.0000000000000000000000000262894645123427,0.00000000000000000151128017563758,0.000000000000000002167484726925,-0.00000000000000000106001975407267,0.00000000000000000000000000592171457790577,-0.00000000000000000000000000675007168405429,0.0000000000000000000000000615945429765444,0.0000000000000000000000455586263199041,-0.0000000000000000000000000277463889151849,-0.000000000000000000000000278371485949257,0.0000000000000000000000000107881990429581,-0.000000000000000000000000000198781813833204,0.0000000000000000000000000146585779037059,0.000000000000000000000000604101447482553,-0.0000000000000000000000000189585893645876,0.000000000000000000975375292568308
0.00000251274491347431,0.0687665119767189,-0.000000093982862381381,0.000000000216823906051822,-0.0000002814776962623,-0.00000000000938455042842623,-0.00000000325259752465001,0.107306517660618,0.0000000306308933772925,0.00000000733933402941034,0.000000000268113503620881,-0.000000147773491221415,-0.0892128646373749,-0.000000000200866143162948,-0.0925618633627892,0.0818354338407516,-0.00000000362759866590068,0.0000000307022887113817,-0.00000000110275777398527,0.00000219923163058411,-0.000000000878123629366456,0.000000000478734274445003,0.000000000375225822635272,0.000000000268303823602878,-0.00000000181914738828226,-0.11597416549921,-0.00000000676427580614813,-0.078018955886364,0.00000000214501594264505,-0.0908990874886513,0.0913602039217949,0.000000000239689046388492,-0.0000000000186066873714141,-0.000000665161849155993,0.00000000303218183894671,0.0962019860744476,0.0899412035942078,-0.083365224301815,0.000000000476944206351249,0.000000000738216099360756,0.00000000542173550499570,-0.0000300686806440353,0.000000000106122527432362,-0.0000000275493725609977,0.000000000487119233838484,-0.00000000000883160471837341,0.000000000456652743396901,0.0000000597615326114465,-0.000000000700711322298986,0.0879597440361977
0.000000000000000000000649006999130421,-0.00000000000000000780572293758115,0.00000000000000000000000504225848893158,-0.00000000000000000000000000694480323110326,0.0000000000000000000000187458989059932,0.0000000000000000000000000109860937373478,-0.0000000000000000000000019937019708309,-0.0000000000000000138946176245575,-0.00000000000000000000000231972674447562,-0.000000000000000000000000597215579248492,-0.000000000000000000000000000610096569265475,-0.0000000000000000000000192449528250196,0.00000000000000000845759089110969,0.0000000000000000000000000357099212644635,0.0000000000000000105072542863293,0.0000000000000000135837102108008,0.000000000000000000000000224453114248337,-0.00000000000000000000000233920845339096,-0.00000000000000000000000000745298603957708,0.0000000000000000000000154219498625885,0.000000000000000000000000109870685660484,-0.0000000000000000000000000272405041263207,-0.000000000000000000000000024136718568777,-0.0000000000000000000000000136964557184559,0.000000000000000000000000128951123220049,0.000000000000000018645949680507,0.000000000000000000000000434994173395036,0.00000000000000000821384392564746,-0.000000000000000000000000256902710369377,0.00000000000000000985191548295051,-0.0000000000000000108365565425479,-0.00000000000000000000000000269164887539649,0.000000000000000000000000000934858432067717,0.0000000000000000000000487982729538114,-0.000000000000000000000000177383115236577,-0.0000000000000000100592350685971,-0.0000000000000000149363324920598,0.0000000000000000073262286703607,-0.0000000000000000000000000399144019778718,0.0000000000000000000000000524291933641132,-0.000000000000000000000000425619744827842,-0.00000000000000000000169874382705479,0.000000000000000000000000234130983093105,0.00000000000000000000000190468907565325,-0.0000000000000000000000000724816246554512,0.00000000000000000000000000130031692793181,-0.0000000000000000000000000984448859390214,-0.00000000000000000000000413735062252622,0.000000000000000000000000136502691450504,-0.00000000000000000668944352812145
-0.0000107331925391918,-0.0795601382851601,0.000000134495167003479,-0.000000000352918527735113,0.000000355581335043098,-0.0000000000975955219417735,0.0000000431780904364132,-0.1179443821311,-0.0000000404949105359265,-0.00000000549550005501942,-0.000000000552331957948127,0.000000511986513629381,0.101040467619896,-0.0000000000177374972348820,0.104087576270103,-0.0925159975886345,0.00000000493993734806963,-0.0000000381494125178961,0.00000000144713496741389,-0.00000357992439603549,0.000000000553857015805903,-0.000000000345650119637497,-0.000000000555156032255866,-0.000000000462616611685007,0.00000000283840284609482,0.112306334078312,0.0000000081346662739179,0.0861178189516068,-0.00000000179160719593341,0.103530459105968,-0.094624787569046,-0.00000000050886617142254,0.0000000000541876057913449,0.000000851836432502751,-0.00000000580053649557044,-0.1101388707757,-0.0960934981703758,0.0930173173546791,-0.000000000993488735723247,-0.00000000310176351270286,-0.00000000647274100984419,0.0000697667928761803,-0.00000000252816523271804,0.0000000347135795664144,0.0000000000237918972717521,0.0000000000057918088727793,0.000000000117460749460285,-0.0000000749154551726861,-0.000000000580403447525413,-0.0990813300013542
0.000000000000000000000112943752777163,-0.00000000000000000117866371689722,-0.000000000000000000000000247290859321615,-0.000000000000000000000000000712255163901314,0.00000000000000000000000287976020312123,0.00000000000000000000000000131387807474572,-0.000000000000000000000000308345513290197,-0.00000000000000000214311598607919,-0.000000000000000000000000358449323432018,-0.0000000000000000000000000919347496889267,-0.000000000000000000000000000110759833878659,-0.00000000000000000000000299225354314279,0.00000000000000000130987751631013,0.00000000000000000000000000612937489267141,0.00000000000000000156636399378386,0.00000000000000000193534041711991,0.0000000000000000000000000345088528028733,-0.000000000000000000000000196472415155374,-0.00000000000000000000000000118959078579012,-0.00000000000000000000000383990864606037,0.000000000000000000000000017047184013469,-0.00000000000000000000000000407690326203216,-0.00000000000000000000000000369232625220313,-0.00000000000000000000000000137751089640477,0.0000000000000000000000000195654021270014,0.00000000000000000275324192435647,0.0000000000000000000000000729705643422927,0.00000000000000000126468998361485,-0.000000000000000000000000039701656052495,0.00000000000000000151159864017341,-0.00000000000000000168455455823516,-0.000000000000000000000000000380394877028919,0.0000000000000000000000000000639565644641719,0.0000000000000000000000075772787850774,-0.0000000000000000000000000271723693471201,-0.00000000000000000160590053872691,-0.00000000000000000233419119206134,0.00000000000000000109845532162041,-0.00000000000000000000000000606542053700814,0.0000000000000000000000000121652897977455,-0.0000000000000000000000000653551291933945,-0.0000000000000000000000715503025704955,0.0000000000000000000000000434180167548461,0.000000000000000000000000286555498758569,-0.0000000000000000000000000206135055286886,0.000000000000000000000000000208737391087041,-0.0000000000000000000000000154602901542598,-0.000000000000000000000000647922128425707,0.0000000000000000000000000194218741238259,-0.00000000000000000103223889320008
-0.000000000000000000000436254873306914,0.00000000000000000561065401197419,-0.00000000000000000000000361188366824081,0.00000000000000000000000000526695078210859,-0.0000000000000000000000131747060246673,-0.00000000000000000000000000743649160516137,0.00000000000000000000000135996405451914,0.0000000000000000096982741287943,0.00000000000000000000000162717875464156,0.000000000000000000000000415637942667435,0.000000000000000000000000000502311370297108,0.0000000000000000000000145599725955062,-0.00000000000000000590097124592315,-0.0000000000000000000000000248310933509264,-0.00000000000000000739902718171026,-0.0000000000000000096363795122794,-0.000000000000000000000000158967354619419,0.00000000000000000000000163382540080612,-0.00000000000000000000000000577673211243625,0.00000000000000000000000688865527963921,-0.0000000000000000000000000760751819015724,0.0000000000000000000000000193440264947298,0.0000000000000000000000000180511543452945,0.00000000000000000000000000966303302122021,-0.0000000000000000000000000898336802976288,-0.0000000000000000130429160699259,-0.000000000000000000000000301712351716743,-0.00000000000000000572099659696631,0.000000000000000000000000178704457252822,-0.00000000000000000683617420185009,0.00000000000000000774449089273691,0.00000000000000000000000000257697245834586,-0.000000000000000000000000000294517829327563,-0.0000000000000000000000341417011850173,0.00000000000000000000000012084472692824,0.00000000000000000685729625879163,0.0000000000000000106681103097882,-0.00000000000000000500634191263224,0.0000000000000000000000000277181871378232,-0.0000000000000000000000000443037411510621,0.000000000000000000000000296485112839716,0.000000000000000000000201059692595193,-0.000000000000000000000000130998562395744,-0.00000000000000000000000132891734891042,0.000000000000000000000000042870155937658,-0.000000000000000000000000000938157357469458,0.0000000000000000000000000632318977410405,0.00000000000000000000000294897446451487,-0.000000000000000000000000077396234257954,0.00000000000000000473455972825906
-0.00000000000000000000041405254090165,0.00000000000000000518681328354691,-0.00000000000000000000000314430746870027,0.00000000000000000000000000409562907888144,-0.0000000000000000000000109590418665039,-0.00000000000000000000000000622667749569372,0.00000000000000000000000112978351427606,0.00000000000000000809950192239364,0.00000000000000000000000135854114666134,0.000000000000000000000000345936584316725,0.000000000000000000000000000272454688848278,0.0000000000000000000000108963968442985,-0.000000000000000004929176714829,-0.0000000000000000000000000196596371088083,-0.00000000000000000613275304382479,-0.00000000000000000797607168574971,-0.000000000000000000000000132794157727447,0.0000000000000000000000013668476547781,0.00000000000000000000000000369215137776418,-0.00000000000000000000000637539910330571,-0.000000000000000000000000059137518590693,0.0000000000000000000000000158680264716701,0.0000000000000000000000000140268497707875,0.0000000000000000000000000074088722290149,-0.000000000000000000000000075346175817535,-0.000000000000000010885337864812,-0.000000000000000000000000259184022151567,-0.00000000000000000472187698151709,0.000000000000000000000000149568668579389,-0.00000000000000000570877748495768,0.00000000000000000632488063034126,0.00000000000000000000000000228215957655082,-0.000000000000000000000000000209397359130734,-0.0000000000000000000000286670916997612,0.000000000000000000000000101599103127717,0.00000000000000000602474186738915,0.00000000000000000904813746428783,-0.00000000000000000422271401369135,0.000000000000000000000000023259859613281,-0.0000000000000000000000000252550213465651,0.000000000000000000000000248182567967354,0.000000000000000000000224205856052787,-0.000000000000000000000000112623341833543,-0.00000000000000000000000111882022123813,0.0000000000000000000000000440216925625665,-0.00000000000000000000000000081027994250452,0.0000000000000000000000000581254100492944,0.00000000000000000000000240339530423563,-0.0000000000000000000000000756010087048005,0.00000000000000000390236557401335
-0.00000173748253473605,-0.0632294118404388,0.0000000883925892480875,-0.000000000151492665634301,0.000000249363665716373,-0.0000000000269678290115705,0.000000014359085476201,-0.0907008349895477,-0.0000000259493795340404,-0.00000000491738338936898,-0.00000000021518410664445,0.000000257996845220987,0.0783084407448769,0.0000000000795974328116067,0.0820378139615059,-0.0732119008898735,0.00000000281930656598206,-0.0000000244934863502522,0.000000000813140277333702,-0.00000242137502937112,0.000000000585801962493804,-0.000000000236835245859268,-0.000000000329091531803272,-0.000000000228167054694417,0.00000000160717550379275,0.107416532933712,0.00000000615141226845139,0.0694084838032722,-0.0000000013048383484815,0.083063006401062,-0.0837099999189377,-0.000000000318068404947525,0.0000000000283527611111278,0.000000573708462070499,-0.00000000310977066320106,-0.0859754979610443,-0.0866148397326469,0.0722948983311653,-0.000000000597585592121419,-0.00000000147926459970193,-0.0000000042379770803791,0.0000307995505863801,-0.00000000092921087491149,0.0000000232701502511645,-0.000000000312639192312503,0.00000000000597554080869478,-0.000000000161169688706053,-0.0000000527503303260346,0.000000000138960273843303,-0.0818139463663101
0.0000000000000000000000403556721314135,-0.000000000000000000508711527226743,0.000000000000000000000000327390932821142,-0.000000000000000000000000000429845511689368,0.00000000000000000000000121535056641209,0.000000000000000000000000000638937322034425,-0.000000000000000000000000107546208395637,-0.000000000000000000878039502323121,-0.000000000000000000000000148986390623723,-0.0000000000000000000000000366161560442153,-0.0000000000000000000000000000422783872881153,-0.00000000000000000000000117371369897362,0.000000000000000000534078830168272,0.00000000000000000000000000227466000534738,0.00000000000000000066380473845435,0.000000000000000000890700121983704,0.0000000000000000000000000139217171069833,-0.000000000000000000000000144287725531049,0.000000000000000000000000000526848728901822,-0.00000000000000000000000149383305988185,0.00000000000000000000000000691211865920306,-0.00000000000000000000000000171318844864932,-0.00000000000000000000000000152230789482064,-0.00000000000000000000000000104414224527406,0.00000000000000000000000000797991045752572,0.0000000000000000011738648285735,0.000000000000000000000000028000195666976,0.00000000000000000051894928317437,-0.0000000000000000000000000161979105377524,0.000000000000000000619475198849444,-0.000000000000000000684852866128645,-0.000000000000000000000000000230024935503596,0.0000000000000000000000000000264266988894236,0.00000000000000000000000304344272728258,-0.0000000000000000000000000112145752807422,-0.00000000000000000065394257420361,-0.0000000000000000009340932931352,0.000000000000000000458592912406096,-0.00000000000000000000000000256971651728038,0.00000000000000000000000000410422835608313,-0.0000000000000000000000000268418951761029,-0.00000000000000000000000766246787423222,0.0000000000000000000000000121339348878789,0.000000000000000000000000120147361562073,-0.0000000000000000000000000045653976738705,0.0000000000000000000000000000827513717351756,-0.00000000000000000000000000618259295926669,-0.000000000000000000000000259952988970834,0.00000000000000000000000000816382906349492,-0.000000000000000000423046479942855
0.000000000000000000000242343245011433,-0.00000000000000000359898012715697,0.00000000000000000000000205770343936284,-0.00000000000000000000000000332625511802373,0.00000000000000000000000810541879454016,0.00000000000000000000000000486832796519514,-0.000000000000000000000000790199552873365,-0.00000000000000000620545229350085,-0.00000000000000000000000101682030897783,-0.000000000000000000000000262924480089382,-0.000000000000000000000000000245413236129872,-0.00000000000000000000000852208802492975,0.00000000000000000377239564744657,0.0000000000000000000000000159172424558409,0.00000000000000000469264607303069,0.00000000000000000605080591490039,0.000000000000000000000000101760252619511,-0.00000000000000000000000101702393369899,-0.00000000000000000000000000618422229599965,0.00000000000000000000000768050360110829,0.0000000000000000000000000512348148127778,-0.0000000000000000000000000121011047156749,-0.000000000000000000000000010479017183034,-0.00000000000000000000000000624989535154528,0.0000000000000000000000000577887266801364,0.00000000000000000833380248526051,0.000000000000000000000000197517175142678,0.00000000000000000367106395445729,-0.000000000000000000000000121441759048024,0.00000000000000000443747863844125,-0.00000000000000000485215958235542,-0.00000000000000000000000000162267532645995,0.0000000000000000000000000000763849755812916,0.000000000000000000000022423972342917,-0.0000000000000000000000000790974929187488,-0.00000000000000000454817236160341,-0.00000000000000000675645467031529,0.00000000000000000324495923269346,-0.0000000000000000000000000170297181399893,0.0000000000000000000000000270189667159338,-0.000000000000000000000000189850581131481,-0.000000000000000000000151722753860861,0.0000000000000000000000000853517855535431,0.000000000000000000000000851753136712596,-0.0000000000000000000000000318883493203665,0.000000000000000000000000000603889489647709,-0.0000000000000000000000000437364762044983,-0.00000000000000000000000185640270242945,0.0000000000000000000000000578682845350231,-0.00000000000000000298220655188691
-0.0000000000000000000000692222541323307,0.00000000000000000073026678781782,-0.00000000000000000000000045746107988715,0.000000000000000000000000000609597512668635,-0.00000000000000000000000167721077844101,-0.000000000000000000000000000910589018466515,0.00000000000000000000000016033087604219,0.0000000000000000012245149586365,0.000000000000000000000000206982359691827,0.0000000000000000000000000502490560745064,0.0000000000000000000000000000549676595976712,0.00000000000000000000000164252249367856,-0.000000000000000000738690226489388,-0.00000000000000000000000000322363328908802,-0.000000000000000000926529140023709,-0.00000000000000000119435874523738,-0.0000000000000000000000000201437820004602,0.000000000000000000000000201313112188843,0.000000000000000000000000000605307840755253,-0.00000000000000000000000196126105217982,-0.00000000000000000000000000932910373188268,0.00000000000000000000000000240398119369512,0.00000000000000000000000000215834885895995,0.00000000000000000000000000122597169873609,-0.0000000000000000000000000111206653959099,-0.00000000000000000165712049283438,-0.0000000000000000000000000365922960833202,-0.000000000000000000724249979439685,0.0000000000000000000000000226998808448828,-0.000000000000000000865620626196556,0.000000000000000000955437448071212,0.000000000000000000000000000113529369286936,-0.0000000000000000000000000000445844025162929,-0.00000000000000000000000423765349776417,0.0000000000000000000000000158792677395695,0.000000000000000000915713443321849,0.00000000000000000133322954878554,-0.000000000000000000640032860119283,0.00000000000000000000000000390607828338287,-0.00000000000000000000000000480038616417502,0.0000000000000000000000000355168074985678,0.0000000000000000000000310275875646796,-0.000000000000000000000000016791363509328,-0.000000000000000000000000159361624834658,0.00000000000000000000000000634681893155454,-0.000000000000000000000000000135115155992442,0.0000000000000000000000000086256385603958,0.000000000000000000000000356720731973452,-0.0000000000000000000000000114151231362232,0.000000000000000000587340783015408
0.000000000000000000000397153549968231,-0.00000000000000000440307371522333,0.00000000000000000000000285936893758218,-0.00000000000000000000000000391838304979756,0.0000000000000000000000105670687156132,0.00000000000000000000000000629542741691851,-0.00000000000000000000000100780362883115,-0.00000000000000000758931677290564,-0.00000000000000000000000127019681110087,-0.00000000000000000000000032665852477445,0.000000000000000000000000000920580550425002,-0.0000000000000000000000105604312399567,0.0000000000000000046290908914361,0.0000000000000000000000000194482855567112,0.00000000000000000572862113426252,0.00000000000000000737377914787331,0.000000000000000000000000118419411052993,-0.00000000000000000000000117266609169148,-0.00000000000000000000000000928418796409166,0.000000000000000000000014882413179628,0.0000000000000000000000000597657045532576,-0.0000000000000000000000000150316705932765,-0.000000000000000000000000013254662796653,-0.00000000000000000000000000755526524557569,0.0000000000000000000000000723451209039689,0.0000000000000000103918386026404,0.000000000000000000000000241503110119525,0.00000000000000000449547516631949,-0.000000000000000000000000139917768916819,0.00000000000000000538916482243454,-0.00000000000000000597505685030585,-0.00000000000000000000000000198765253243095,0.000000000000000000000000000328370549961413,0.0000000000000000000000269706904992941,-0.0000000000000000000000000968579443167496,-0.00000000000000000567805103392378,-0.00000000000000000828682276237056,0.00000000000000000397465454210558,-0.0000000000000000000000000222752610552081,0.0000000000000000000000000252053831985504,-0.000000000000000000000000234565053806203,-0.00000000000000000000016706742375373,0.000000000000000000000000101583381376395,0.00000000000000000000000105626848183476,-0.0000000000000000000000000393951866723045,0.000000000000000000000000000775663951759584,-0.0000000000000000000000000530078351640445,-0.00000000000000000000000229004545848623,0.0000000000000000000000000753761956727642,-0.00000000000000000366038712070076
0.000000000000000000000272566563639691,-0.00000000000000000329266542695638,0.00000000000000000000000212262886123002,-0.00000000000000000000000000282751398850928,0.0000000000000000000000077107240735264,0.00000000000000000000000000443441864502662,-0.000000000000000000000000795279126849697,-0.00000000000000000568137216408318,-0.00000000000000000000000096193442402856,-0.000000000000000000000000241875994808662,-0.000000000000000000000000000249042265924081,-0.0000000000000000000000129360771785598,0.00000000000000000345009320036656,0.000000000000000000000000014583458932155,0.00000000000000000431182783544292,0.00000000000000000556591429418303,0.0000000000000000000000000955733336364037,-0.000000000000000000000000956121998271278,-0.00000000000000000000000000838878307360319,0.0000000000000000000000161412079924201,0.0000000000000000000000000468083991770421,-0.0000000000000000000000000120266929455996,-0.00000000000000000000000000953519441374365,-0.00000000000000000000000000486304899121758,0.0000000000000000000000000500677783036769,0.00000000000000000764132658110052,0.000000000000000000000000181547327065964,0.00000000000000000336293566076368,-0.000000000000000000000000110863232916624,0.00000000000000000401699047303666,-0.00000000000000000438581665969395,-0.00000000000000000000000000138999718171672,-0.0000000000000000000000000000302958650643077,0.0000000000000000000000199783252541673,-0.0000000000000000000000000721143914151434,-0.00000000000000000423439835343397,-0.0000000000000000061913343883961,0.00000000000000000300966832783821,-0.000000000000000000000000016518607147628,0.0000000000000000000000000292655932701966,-0.000000000000000000000000173635237075872,-0.000000000000000000000140590134196216,0.0000000000000000000000000777274757194611,0.000000000000000000000000768517809500979,-0.0000000000000000000000000305848676080535,0.000000000000000000000000000558086253338314,-0.0000000000000000000000000401131887630117,-0.00000000000000000000000178963667085516,0.0000000000000000000000000527423957953892,-0.00000000000000000274726595802108
-0.000000000000000000000320506006881432,0.00000000000000000432973174621132,-0.00000000000000000000000278189017491499,0.00000000000000000000000000347321898022003,-0.0000000000000000000000099500501145419,-0.00000000000000000000000000583397075038344,0.00000000000000000000000097823899564812,0.00000000000000000745035291153857,0.00000000000000000000000124351714085584,0.000000000000000000000000318549577010651,0.00000000000000000000000000136550243431203,0.00000000000000000000000987013061623396,-0.00000000000000000452670619752704,-0.0000000000000000000000000191362417648897,-0.00000000000000000566709916261358,-0.00000000000000000727757390673033,-0.000000000000000000000000121927007112348,0.00000000000000000000000121486729050003,0.00000000000000000000000000370395617276531,-0.00000000000000000000000811902664515522,-0.0000000000000000000000000603034981494404,0.0000000000000000000000000155007408460677,0.0000000000000000000000000128948397643992,0.00000000000000000000000000743024696990969,-0.000000000000000000000000069490097702506,-0.0000000000000000100050778995321,-0.000000000000000000000000237859213686889,-0.00000000000000000443866646980088,0.000000000000000000000000137401105413937,-0.00000000000000000524993833122298,0.00000000000000000575665345804133,0.00000000000000000000000000197413712645321,-0.00000000000000000000000000023089646695168,-0.00000000000000000000002103184899309,0.0000000000000000000000000951550339784345,0.00000000000000000555439663133384,0.00000000000000000811073751665395,-0.00000000000000000388544807612541,0.0000000000000000000000000228303448800596,-0.0000000000000000000000000268122913217417,0.0000000000000000000000002303448698304,0.000000000000000000000161176084295795,-0.000000000000000000000000100908430753293,-0.00000000000000000000000102923155620729,0.0000000000000000000000000339604527253008,-0.000000000000000000000000000725034094268312,0.0000000000000000000000000523205401003706,0.00000000000000000000000222782543509351,-0.0000000000000000000000000695718125989304,0.00000000000000000358816267269631
-0.000000000000000000000479576387918364,0.00000000000000000633728089490404,-0.00000000000000000000000401554852660783,0.00000000000000000000000000518127001074269,-0.0000000000000000000000143073698673236,-0.00000000000000000000000000859683897437941,0.00000000000000000000000153551883669644,0.0000000000000000106130448964106,0.00000000000000000000000127354838526431,0.000000000000000000000000455004961458745,0.0000000000000000000000000000371080538150066,0.0000000000000000000000187582714004307,-0.00000000000000000655428593834304,-0.0000000000000000000000000272490521737859,-0.00000000000000000803225131141247,-0.0000000000000000103375399856906,-0.000000000000000000000000174181942335093,0.00000000000000000000000174387287759103,0.00000000000000000000000000533726841030812,-0.00000000000000000000000959418312728312,-0.0000000000000000000000000832152667253168,0.0000000000000000000000000207434487924084,0.0000000000000000000000000183767212468135,0.0000000000000000000000000106368486827205,-0.0000000000000000000000000988195578911464,-0.0000000000000000142691253012521,-0.000000000000000000000000340928402252316,-0.00000000000000000628304886599353,0.000000000000000000000000193415320302658,-0.00000000000000000750746725129352,0.00000000000000000829190165133164,0.00000000000000000000000000274703515392317,-0.000000000000000000000000000326537185024978,-0.0000000000000000000000375660801102656,0.000000000000000000000000135388240532605,0.00000000000000000790705918006379,0.0000000000000000115611262272943,-0.00000000000000000555230262361316,0.0000000000000000000000000306766774588745,-0.0000000000000000000000000380494639237074,0.000000000000000000000000325814911992026,0.000000000000000000000267991473311997,-0.000000000000000000000000143123773591347,-0.00000000000000000000000146032560128691,0.0000000000000000000000000552404594372396,-0.00000000000000000000000000103386259419589,0.0000000000000000000000000787321455490425,0.00000000000000000000000321689647704644,-0.000000000000000000000000105471689104181,0.0000000000000000051164235221411
0.000000000000000000000354392669335791,-0.00000000000000000453173835078351,0.0000000000000000000000029001297749854,-0.00000000000000000000000000378873714966119,0.0000000000000000000000107156735440778,0.00000000000000000000000000656742188073245,-0.00000000000000000000000110563253766271,-0.00000000000000000780643514008856,-0.00000000000000000000000132279894372952,-0.00000000000000000000000034551925224596,-0.000000000000000000000000000471485417089732,-0.00000000000000000000000997683115341325,0.00000000000000000470716143841977,0.0000000000000000000000000214826484384554,0.00000000000000000590861604914436,0.00000000000000000763477944655216,0.000000000000000000000000128443380293975,-0.00000000000000000000000129128710600957,-0.00000000000000000000000000603063824221251,0.00000000000000000000000594858512167498,0.0000000000000000000000000596491257026079,-0.0000000000000000000000000133257095819295,-0.0000000000000000000000000135456153444675,-0.00000000000000000000000000781939883372862,0.0000000000000000000000000770675627573646,0.0000000000000000104880074478364,0.000000000000000000000000247006820091929,0.0000000000000000046977729384673,-0.000000000000000000000000144225627386666,0.00000000000000000551580824216794,-0.00000000000000000608903654845137,-0.00000000000000000000000000179383580210556,0.000000000000000000000000000447348748209948,0.0000000000000000000000273564308601727,-0.0000000000000000000000000969090970160725,-0.00000000000000000580608080836382,-0.00000000000000000848136902499814,0.00000000000000000408757007239305,-0.0000000000000000000000000226639892144392,0.0000000000000000000000000280551077815504,-0.000000000000000000000000239589037740619,-0.000000000000000000000199523319717959,0.000000000000000000000000105572392129113,0.00000000000000000000000106314458791512,-0.000000000000000000000000041933697924475,0.000000000000000000000000000761239892034091,-0.0000000000000000000000000550145986993136,-0.00000000000000000000000233720592998306,0.0000000000000000000000000738814275168868,-0.00000000000000000374945420674771
-0.0000000000000000000000405538939442339,0.000000000000000000507332875639559,-0.000000000000000000000000319452033886224,0.00000000000000000000000000041638884657494,-0.00000000000000000000000106261930515986,-0.000000000000000000000000000553472110377551,0.000000000000000000000000116224541169684,0.000000000000000000779839411735393,0.000000000000000000000000132236260504132,0.0000000000000000000000000330861822196501,0.0000000000000000000000000000478297629914555,0.00000000000000000000000105417011182688,-0.000000000000000000474736014144316,-0.00000000000000000000000000201665376331251,-0.000000000000000000590594497954885,-0.000000000000000000765222665022486,-0.0000000000000000000000000127814541055973,0.000000000000000000000000132259864701531,0.000000000000000000000000000966762231968469,-0.00000000000000000000000102578058556978,-0.00000000000000000000000000620888536968148,0.00000000000000000000000000155581888325999,0.00000000000000000000000000125171050058836,0.00000000000000000000000000077353464361307,-0.00000000000000000000000000783469379897496,-0.00000000000000000102770025657657,-0.0000000000000000000000000248723020887604,-0.000000000000000000460144703235246,0.0000000000000000000000000143421583990507,-0.000000000000000000543695787066178,0.000000000000000000605958085363351,0.000000000000000000000000000129801731942996,-0.0000000000000000000000000000226948424917777,-0.00000000000000000000000275055326710076,0.00000000000000000000000000923172948426644,0.000000000000000000576570529548449,0.000000000000000000845426665902299,-0.000000000000000000405720949368385,0.00000000000000000000000000227540630320083,-0.00000000000000000000000000282969722269423,0.0000000000000000000000000238256716382947,0.0000000000000000000000401168997126212,-0.0000000000000000000000000109163619770373,-0.000000000000000000000000105962471520793,0.00000000000000000000000000408185136124528,-0.0000000000000000000000000000756665555637866,0.00000000000000000000000000538033220386461,0.000000000000000000000000234075121880254,-0.00000000000000000000000000770867481010986,0.000000000000000000385738204473664
0.000000000000000000000114449732421441,-0.00000000000000000121113117632539,0.000000000000000000000000822407511038375,-0.000000000000000000000000000966948276801097,0.00000000000000000000000295094937779109,0.0000000000000000000000000017148823040354,-0.000000000000000000000000304108911146804,-0.0000000000000000021817246411701,-0.000000000000000000000000367464203989754,-0.000000000000000000000000089292527879623,-0.0000000000000000000000000000824476525829457,-0.00000000000000000000000261181531362341,0.000000000000000001335577811147,0.00000000000000000000000000570615140220632,0.00000000000000000164745292282274,0.00000000000000000210884651368658,0.0000000000000000000000000362403316156115,-0.000000000000000000000000356290186482525,-0.00000000000000000000000000153677731019633,0.00000000000000000000000224638023244521,0.0000000000000000000000000170560309652615,-0.00000000000000000000000000434857763628935,-0.00000000000000000000000000365182933807651,-0.0000000000000000000000000018263426106719,0.0000000000000000000000000208040601188742,0.00000000000000000297178552373481,0.0000000000000000000000000676583934954619,0.0000000000000000012841797030151,-0.0000000000000000000000000400468258393599,0.00000000000000000154553279422521,-0.00000000000000000169479484742341,-0.000000000000000000000000000709717269717097,0.0000000000000000000000000000511018126426756,0.00000000000000000000000773022077079894,-0.0000000000000000000000000281953247259655,-0.00000000000000000162766872712443,-0.00000000000000000240508925595356,0.00000000000000000114479708146292,-0.00000000000000000000000000678143891987254,0.00000000000000000000000000711227978795125,-0.0000000000000000000000000665798480747018,-0.0000000000000000000000330885024567876,0.0000000000000000000000000297318223911339,0.000000000000000000000000299131075575343,-0.0000000000000000000000000113768718564117,0.000000000000000000000000000237998863252343,-0.0000000000000000000000000159091134907317,-0.000000000000000000000000512453066628173,0.0000000000000000000000000230078894282848,-0.00000000000000000104565421177204
0.000000000000000000000431243826888559,-0.00000000000000000460836298605644,0.00000000000000000000000313246706094335,-0.00000000000000000000000000382990582815241,0.0000000000000000000000114648105695555,0.00000000000000000000000000630916815669973,-0.00000000000000000000000116416680569102,-0.00000000000000000807699020202301,-0.00000000000000000000000137479237156219,-0.000000000000000000000000340236324719405,-0.000000000000000000000000000160710054766681,-0.0000000000000000000000107800090952031,0.00000000000000000494285786857033,0.0000000000000000000000000207146384211843,0.00000000000000000614008434559385,0.00000000000000000792232479826846,0.000000000000000000000000132263537835121,-0.00000000000000000000000133951175086754,-0.00000000000000000000000000406508883738132,0.0000000000000000000000083291642019489,0.0000000000000000000000000633388623494078,-0.0000000000000000000000000157732198738557,-0.000000000000000000000000014221112931674,-0.00000000000000000000000000807750426115562,0.0000000000000000000000000750298364315656,0.0000000000000000107856286865942,0.00000000000000000000000025745939964943,0.00000000000000000476954781380883,-0.000000000000000000000000149011868365771,0.00000000000000000569779128565205,-0.00000000000000000628718270110477,-0.00000000000000000000000000237603152056319,0.000000000000000000000000000240052867538032,0.000000000000000000000029228132730998,-0.000000000000000000000000109826916206196,-0.00000000000000000601101563230445,-0.00000000000000000874248512896275,0.00000000000000000420502930578528,-0.0000000000000000000000000236307813946183,0.0000000000000000000000000302724201413157,-0.000000000000000000000000247322389105921,-0.000000000000000000000205029846515441,0.000000000000000000000000124616616042748,0.00000000000000000000000111287970419137,-0.0000000000000000000000000405736585830432,0.000000000000000000000000000800270258656308,-0.0000000000000000000000000567941949457823,-0.00000000000000000000000251189030275907,0.0000000000000000000000000670281121211178,-0.00000000000000000389131981770362
0.000000000000000000000544543084565825,-0.00000000000000000714946927244485,0.00000000000000000000000524006614977665,-0.00000000000000000000000000307159363852328,0.0000000000000000000000161668017956291,0.0000000000000000000000000102351436075241,-0.00000000000000000000000169455605480978,-0.0000000000000000124400784200258,-0.00000000000000000000000142563297778949,-0.000000000000000000000000452306218998177,-0.0000000000000000000000000016488236773149,-0.0000000000000000000000143493830214138,0.00000000000000000757115684973765,0.0000000000000000000000000314080100662846,0.00000000000000000945579688557234,0.0000000000000000117072054962906,0.000000000000000000000000202823164524759,-0.00000000000000000000000204453222325882,-0.0000000000000000000000000061808022296044,-0.0000000000000000000000110297269590554,0.0000000000000000000000000979322619360958,-0.0000000000000000000000000230184019242933,-0.0000000000000000000000000214617128095879,-0.0000000000000000000000000124337605801332,0.000000000000000000000000129726129755622,0.0000000000000000165935458359179,0.000000000000000000000000376772047766166,0.00000000000000000731508489314838,-0.000000000000000000000000228271644763866,0.00000000000000000873928973025646,-0.00000000000000000968499043533731,-0.00000000000000000000000000321947501374509,0.000000000000000000000000000399665707978334,0.0000000000000000000000437920259652032,-0.000000000000000000000000157843190851624,-0.00000000000000000912329095884134,-0.0000000000000000134003920978081,0.00000000000000000647026920352603,-0.0000000000000000000000000356487722183573,0.0000000000000000000000000441394731935015,-0.000000000000000000000000375897866623665,-0.000000000000000000000302825930055874,0.000000000000000000000000165697472128505,0.0000000000000000000000017003829758862,-0.0000000000000000000000000640657298808349,0.00000000000000000000000000121472580860482,-0.0000000000000000000000000870979168412981,-0.00000000000000000000000370079460314646,0.00000000000000000000000011846946674262,-0.00000000000000000585201207982736
0.000000000000000000000252972419957253,-0.00000000000000000303098621978977,0.00000000000000000000000207898887873797,-0.00000000000000000000000000281321434385819,0.00000000000000000000000733654762465744,0.00000000000000000000000000446196252471927,-0.000000000000000000000000773381827234959,-0.00000000000000000556430625507223,-0.000000000000000000000000939858841849242,-0.000000000000000000000000229822742518757,-0.000000000000000000000000000315057896258577,-0.00000000000000000000000741688758582787,0.00000000000000000340273380157545,0.0000000000000000000000000143387579771409,0.00000000000000000422575266167157,0.00000000000000000541346490728951,0.0000000000000000000000000948942723084282,-0.000000000000000000000000921277124619148,-0.00000000000000000000000000276583280795937,-0.000000000000000000000000421290229660956,0.0000000000000000000000000445544664149422,-0.0000000000000000000000000106124887504119,-0.00000000000000000000000000966465465423338,-0.00000000000000000000000000633199620433056,0.000000000000000000000000050231026288739,0.00000000000000000748240037001071,0.000000000000000000000000180918444687132,0.00000000000000000330553036022827,-0.000000000000000000000000102713954639045,0.00000000000000000393289474247115,-0.00000000000000000433849117530795,-0.00000000000000000000000000144987761776863,0.000000000000000000000000000172453520936142,0.0000000000000000000000213359170067292,-0.0000000000000000000000000751963846901804,-0.00000000000000000410349826226837,-0.0000000000000000061886849288941,0.00000000000000000295458161455978,-0.000000000000000000000000015220322364677,0.0000000000000000000000000201571248431149,-0.00000000000000000000000017319521292813,-0.00000000000000000000014125879794303,0.0000000000000000000000000870140387403602,0.000000000000000000000000763593789034396,-0.0000000000000000000000000275695854648022,0.000000000000000000000000000531202726875347,-0.0000000000000000000000000366033555434329,-0.00000000000000000000000167498126030763,0.0000000000000000000000000499312499002913,-0.00000000000000000267877168098893
-0.000000000000000000000478465166892833,0.00000000000000000621644511025138,-0.00000000000000000000000400574614099956,0.00000000000000000000000000532565543792945,-0.0000000000000000000000145865209204105,-0.00000000000000000000000000837589012818349,0.00000000000000000000000148611346427858,0.0000000000000000106976232868635,0.00000000000000000000000187202747316394,0.000000000000000000000000456120016348275,0.000000000000000000000000000546006579985874,0.0000000000000000000000144013626441806,-0.00000000000000000639079327668163,-0.0000000000000000000000000249618347200151,-0.00000000000000000796318338462552,-0.0000000000000000104122170242113,-0.000000000000000000000000175572938304079,0.0000000000000000000000017547323368123,0.00000000000000000000000000535026188927092,-0.00000000000000000000000998304579962458,-0.0000000000000000000000000848341941921049,0.0000000000000000000000000208434785122319,0.0000000000000000000000000188096148315294,0.0000000000000000000000000123693074086144,-0.000000000000000000000000100975601026777,-0.0000000000000000145744475915127,-0.000000000000000000000000356103127840374,-0.00000000000000000631938856466421,0.00000000000000000000000020042992077569,-0.00000000000000000755509631096432,0.00000000000000000838371539060258,0.00000000000000000000000000280332642693071,-0.000000000000000000000000000269134433772403,-0.0000000000000000000000378051302080966,0.000000000000000000000000133898809513789,0.00000000000000000795920050997607,0.0000000000000000114926158202403,-0.00000000000000000562629889248971,0.0000000000000000000000000313483308899119,-0.0000000000000000000000000378245276321546,0.000000000000000000000000327976218309009,0.000000000000000000000403978017213734,-0.000000000000000000000000146858943695907,-0.00000000000000000000000146592651371398,0.000000000000000000000000055489825764951,-0.00000000000000000000000000104136014317289,0.000000000000000000000000074297755022593,0.00000000000000000000000323409206705845,-0.0000000000000000000000000994140816797711,0.00000000000000000515362555660037
-0.000000000000000000000244166838988814,0.0000000000000000036076870302847,-0.00000000000000000000000230835452566596,0.00000000000000000000000000317550795904467,-0.00000000000000000000000840261504083402,-0.00000000000000000000000000486813383145675,0.000000000000000000000000844774971752625,0.00000000000000000620736928457045,0.00000000000000000000000104190421221921,0.000000000000000000000000254859240150112,0.00000000000000000000000000062824860343607,0.00000000000000000000000831048397571326,-0.00000000000000000379338287394826,-0.0000000000000000000000000169891025885781,-0.00000000000000000463761250610662,-0.0000000000000000062545603521069,-0.00000000000000000000000010031452326225,0.00000000000000000000000102395111852296,0.00000000000000000000000000263612027064692,-0.00000000000000000000000531235026338296,-0.0000000000000000000000000488736740047657,0.0000000000000000000000000121785086105118,0.0000000000000000000000000107997253484893,0.00000000000000000000000000652802813927798,-0.0000000000000000000000000601245561464475,-0.00000000000000000833933136047482,-0.000000000000000000000000206445663105341,-0.00000000000000000371437513133057,0.000000000000000000000000114584745866762,-0.00000000000000000442008468452049,0.00000000000000000464671066566409,0.00000000000000000000000000182867837850845,-0.000000000000000000000000000188269101157642,-0.0000000000000000000000218132299192077,0.000000000000000000000000079127925693358,0.00000000000000000469608052693401,0.00000000000000000675898791094123,-0.0000000000000000032446488331686,0.0000000000000000000000000181759422797392,-0.0000000000000000000000000222436989152794,0.000000000000000000000000190074112264546,0.000000000000000000000174482615288612,-0.0000000000000000000000000864459602809879,-0.000000000000000000000000827793064438319,0.0000000000000000000000000322763394632429,-0.000000000000000000000000000604544257680552,0.0000000000000000000000000438932191685803,0.00000000000000000000000183021054822385,-0.0000000000000000000000000579223892997648,0.00000000000000000297575206156716
0.000000000000000000000569094657368612,-0.0000000000000000069992582362889,0.00000000000000000000000451440286382516,-0.00000000000000000000000000605754579465153,0.0000000000000000000000165601357315813,0.00000000000000000000000000977436717944535,-0.00000000000000000000000167878771139055,-0.0000000000000000120772894110693,-0.00000000000000000000000204539484265868,-0.000000000000000000000000512265662859376,-0.000000000000000000000000000496504884107775,-0.0000000000000000000000240143395936698,0.00000000000000000744469830487115,0.0000000000000000000000000147358816501857,0.00000000000000000894204824200546,0.0000000000000000122852881119988,0.000000000000000000000000197596677530782,-0.0000000000000000000000019826975584183,-0.00000000000000000000000000564130264467688,0.0000000000000000000000101308554562967,0.0000000000000000000000000946220166885138,-0.0000000000000000000000000228132164295062,-0.0000000000000000000000000189351068859617,-0.0000000000000000000000000121204795709155,0.000000000000000000000000110133635186907,0.0000000000000000161049153588318,0.000000000000000000000000384774548611568,0.00000000000000000713568761625911,-0.000000000000000000000000221424159543225,0.00000000000000000852019026550647,-0.00000000000000000948449012666058,0.00000000000000000000000000164685749543468,0.000000000000000000000000000371954416825269,0.0000000000000000000000436521419940458,-0.000000000000000000000000153902325266028,-0.00000000000000000899352369152463,-0.0000000000000000131156103565183,0.0000000000000000061818317375191,-0.0000000000000000000000000353227045750527,0.0000000000000000000000000432254576567744,-0.000000000000000000000000376089806342667,-0.000000000000000000000305351622860676,0.000000000000000000000000165324057423448,0.00000000000000000000000165854218790373,-0.0000000000000000000000000627887674534842,0.00000000000000000000000000117029229367188,-0.0000000000000000000000000844287751536037,-0.00000000000000000000000361032803453571,0.000000000000000000000000112600699060373,-0.00000000000000000581020678525923
-0.000000000000000000000201904467961376,0.00000000000000000251677911136838,-0.0000000000000000000000018732425161732,0.00000000000000000000000000222455462672821,-0.00000000000000000000000616460797525206,-0.00000000000000000000000000344931895998216,0.000000000000000000000000607019937009031,0.00000000000000000437012711142535,0.00000000000000000000000074038412069621,0.000000000000000000000000186250749975973,0.000000000000000000000000000251841581024123,0.00000000000000000000000584437580723438,-0.00000000000000000266555168043911,-0.0000000000000000000000000115817838691467,-0.00000000000000000330663754147817,-0.00000000000000000415028111617254,-0.0000000000000000000000000717492104457843,0.000000000000000000000000683047343522031,0.0000000000000000000000000043386194229189,-0.00000000000000000000000197034123562937,-0.0000000000000000000000000359836775689906,0.00000000000000000000000000854252852031967,0.00000000000000000000000000752428627723423,0.00000000000000000000000000436110041797375,-0.0000000000000000000000000453200220270922,-0.00000000000000000587152981997085,-0.000000000000000000000000139357788607677,-0.00000000000000000256406178915768,0.0000000000000000000000000806911275327633,-0.00000000000000000307879022816013,0.00000000000000000336714373533489,0.00000000000000000000000000115412517105021,-0.000000000000000000000000000133155377829282,-0.0000000000000000000000151322312288152,0.0000000000000000000000000530041681934303,0.00000000000000000326012290088763,0.00000000000000000487377712048388,-0.00000000000000000224580508245367,0.0000000000000000000000000128279699359861,-0.0000000000000000000000000157983016447074,0.000000000000000000000000134072839625052,0.000000000000000000000110824796655093,-0.0000000000000000000000000599965819535028,-0.000000000000000000000000587579791202637,0.0000000000000000000000000224237517946643,-0.000000000000000000000000000443736233265012,0.0000000000000000000000000305561142443558,0.00000000000000000000000130804704758667,-0.0000000000000000000000000409649459179845,0.00000000000000000211396696847343
0.00000000000000000000018368912692352,-0.00000000000000000249936240998077,0.00000000000000000000000188614177248015,-0.00000000000000000000000000267821975108027,0.00000000000000000000000590707881071632,0.00000000000000000000000000283778901735558,-0.00000000000000000000000051931581137695,-0.00000000000000000415386942566979,-0.000000000000000000000000718246810151058,-0.000000000000000000000000171553223605816,-0.000000000000000000000000000253514612292688,-0.00000000000000000000000534304878550963,0.000000000000000002528417542587,0.000000000000000000000000011378110614552,0.00000000000000000314228378479909,0.00000000000000000401557764855042,0.0000000000000000000000000659200768610492,-0.000000000000000000000000674686601218046,-0.00000000000000000000000000132567718825351,-0.00000000000000000000000588814575456056,0.0000000000000000000000000322759820106453,-0.00000000000000000000000000832156811854408,-0.00000000000000000000000000719322508276989,-0.00000000000000000000000000518859470750719,0.0000000000000000000000000367815425818876,0.00000000000000000557608737494651,0.000000000000000000000000130839076907421,0.00000000000000000245518889731891,-0.0000000000000000000000000773161710390499,0.00000000000000000293327034005312,-0.00000000000000000326179959598927,-0.00000000000000000000000000109044439373555,0.000000000000000000000000000126854722090344,0.0000000000000000000000146966285478394,-0.0000000000000000000000000520323223730772,-0.0000000000000000030932125357303,-0.00000000000000000452798750029589,0.00000000000000000216980165982076,-0.000000000000000000000000012154609360646,0.0000000000000000000000000150197267461334,-0.000000000000000000000000127369013370822,-0.000000000000000000000117940599699225,0.0000000000000000000000000591788351806039,0.000000000000000000000000568844640526477,-0.0000000000000000000000000211365372570336,0.000000000000000000000000000403805398097297,-0.0000000000000000000000000292486851460289,-0.00000000000000000000000124213308439763,0.0000000000000000000000000414571458190358,-0.00000000000000000200642066754205
-0.000000000000000000000383641460756175,0.00000000000000000318979228289561,-0.00000000000000000000000202405635238768,0.00000000000000000000000000285772354783795,-0.0000000000000000000000075224458524164,-0.00000000000000000000000000418805137542467,0.000000000000000000000000640139719772863,0.0000000000000000053395894067824,0.00000000000000000000000090961273145171,0.000000000000000000000000226357769600187,-0.00000000000000000000000000192520926140205,0.0000000000000000000000115410610757933,-0.00000000000000000328707988987012,-0.0000000000000000000000000136945559811588,-0.00000000000000000403985746748038,-0.00000000000000000521248152513505,-0.0000000000000000000000000872007953966954,0.000000000000000000000000917986982998697,0.00000000000000000000000000223529091579619,-0.00000000000000000000000497979411587346,-0.0000000000000000000000000420006494123177,0.0000000000000000000000000119193061733885,0.00000000000000000000000000917432598671602,0.00000000000000000000000000538767731548652,-0.0000000000000000000000000475728762684232,-0.00000000000000000721702345871083,-0.000000000000000000000000164937564883696,-0.00000000000000000315731448370979,0.0000000000000000000000000984804709614178,-0.00000000000000000376686098196797,0.00000000000000000413799128022153,-0.00000000000000000000000000387674906663178,-0.000000000000000000000000000183532866275467,-0.0000000000000000000000189047723368611,0.0000000000000000000000000676347892980635,0.00000000000000000398418035403974,0.00000000000000000580227949985883,-0.00000000000000000279053019239459,0.0000000000000000000000000160922632654671,-0.0000000000000000000000000191758835661211,0.000000000000000000000000163366351175722,0.000000000000000000000137863212440822,-0.0000000000000000000000000659721231918663,-0.000000000000000000000000732905620707101,0.0000000000000000000000000277412921341801,-0.000000000000000000000000000516969863845083,0.0000000000000000000000000374743288570188,0.00000000000000000000000160557392520744,-0.000000000000000000000000046321283731044,0.00000000000000000257159285504467
0.0000000000000000000000393571351530284,-0.000000000000000000648179658574742,0.000000000000000000000000424522044878227,-0.000000000000000000000000000481471989778612,0.0000000000000000000000014702697846429,0.000000000000000000000000000831468157084193,-0.000000000000000000000000148321405532525,-0.00000000000000000109949891336072,-0.000000000000000000000000187262710605952,-0.0000000000000000000000000469608034061453,-0.0000000000000000000000000000843120490656098,-0.00000000000000000000000153345182390954,0.000000000000000000672258989603737,0.00000000000000000000000000283380195718471,0.000000000000000000839556320191375,0.00000000000000000108201727829502,0.0000000000000000000000000184760514688813,-0.00000000000000000000000018220637104847,-0.000000000000000000000000000558787291838071,0.000000000000000000000000906380965538246,0.0000000000000000000000000090679607277474,-0.00000000000000000000000000212422580998428,-0.0000000000000000000000000018281225551265,-0.00000000000000000000000000130688165274025,0.000000000000000000000000010325947352542,0.00000000000000000148256925356375,0.0000000000000000000000000334366706546495,0.000000000000000000652869359057611,-0.0000000000000000000000000205007970268551,0.00000000000000000077978885032045,-0.000000000000000000858053164362615,-0.00000000000000000000000000027253723902052,0.0000000000000000000000000000481014364749701,0.00000000000000000000000390613549120594,-0.0000000000000000000000000140991969439624,-0.000000000000000000822559154470694,-0.00000000000000000117656340192437,0.00000000000000000057701896483803,-0.00000000000000000000000000309718789933323,0.00000000000000000000000000360462672106953,-0.000000000000000000000000033857660451565,-0.000000000000000000000033374824255503,0.0000000000000000000000000150530977194658,0.0000000000000000000000001516465898335,-0.0000000000000000000000000057204548987173,0.000000000000000000000000000107376829597783,-0.00000000000000000000000000759924578178571,-0.000000000000000000000000330421243380935,0.00000000000000000000000000713921122192158,-0.000000000000000000509426159577201
0.000000000000000000000625156793092135,-0.00000000000000000926520868217584,0.0000000000000000000000050729633219455,-0.00000000000000000000000000726419020861671,0.0000000000000000000000192090517652229,0.0000000000000000000000000109262242790966,-0.00000000000000000000000190493855291453,-0.0000000000000000140425241355268,-0.00000000000000000000000237589403535781,-0.000000000000000000000000618555499329884,-0.000000000000000000000000000802497789229986,-0.0000000000000000000000189602481911599,0.00000000000000000855018218015642,0.0000000000000000000000000360334836580964,0.0000000000000000106411301597486,0.000000000000000013924467264142,0.000000000000000000000000200162312039545,-0.00000000000000000000000215447951470877,-0.00000000000000000000000000684487443000879,0.0000000000000000000000160027187273431,0.00000000000000000000000011341561702737,-0.0000000000000000000000000277281280178242,-0.0000000000000000000000000240805630738305,-0.0000000000000000000000000149204966724228,0.000000000000000000000000130742823551033,0.0000000000000000188579428366145,0.000000000000000000000000448166868613256,0.00000000000000000830500832813754,-0.00000000000000000000000025048012535381,0.00000000000000000992351210087004,-0.0000000000000000107348331795386,-0.00000000000000000000000000262478078032036,0.000000000000000000000000000414670772619801,0.0000000000000000000000496942832580668,-0.000000000000000000000000169740532179183,-0.0000000000000000103659693561634,-0.0000000000000000155828535501088,0.00000000000000000724346097826864,-0.0000000000000000000000000411628020937752,0.0000000000000000000000000514049684122485,-0.000000000000000000000000429785916483541,-0.0000000000000000000000894843610530986,0.000000000000000000000000193933392376211,0.00000000000000000000000192946581617966,-0.000000000000000000000000073815933572826,0.00000000000000000000000000142366118529015,-0.0000000000000000000000000974578607092185,-0.00000000000000000000000420729813013126,0.000000000000000000000000131552293447403,-0.0000000000000000067595326093746
-0.00000251769597525708,-0.0686627998948097,0.0000000791321781434817,-0.000000000202258571002645,0.000000238577825939501,-0.00000000003793123454221,0.0000000130385666707866,-0.0903296545147896,-0.0000000259927777079838,-0.00000000649162679167148,-0.000000000239275849134302,0.000000174780410588937,0.0791950449347496,0.0000000000738253555510049,0.0805393531918526,-0.0730755403637886,0.00000000315049564214576,-0.000000025020556293498,0.000000000852258263961403,-0.00000221522873289359,0.00000000053306414837806,-0.00000000023824872630307,-0.000000000297431107521007,-0.000000000255995225018069,0.00000000169120084603236,0.106090985238552,0.00000000578376813109571,0.0688296929001808,-0.00000000130420052535385,0.0803585052490234,-0.0840347930788994,-0.000000000627338347936046,0.0000000000206415232129054,0.00000054036206620367,-0.00000000321510684742066,-0.0843978822231293,-0.0816353857517242,0.0720186233520508,-0.000000000556659607298116,-0.00000000117181908620978,-0.00000000426667634556566,0.000028653395929723,-0.00000000162111624124606,0.0000000220729905464623,-0.00000000011717533887623,0.00000000000630470632298485,-0.000000000258402854669271,-0.0000000460132056900875,0.000000000131758326471498,-0.078191339969635
0.000000000000000000000240924709020777,-0.00000000000000000314718669108485,0.00000000000000000000000198193551878385,-0.0000000000000000000000000028915528924971,0.00000000000000000000000716174314780862,0.00000000000000000000000000421472126810856,-0.000000000000000000000000735608356776002,-0.00000000000000000527694453745192,-0.000000000000000000000000892282344832523,-0.000000000000000000000000225035244292584,-0.000000000000000000000000000294480273693647,-0.00000000000000000000000708703486464056,0.00000000000000000324515879001624,0.0000000000000000000000000135674014639985,0.00000000000000000399409204572966,0.000000000000000005140475039222,0.0000000000000000000000000870110805119656,-0.000000000000000000000000874850688194628,-0.00000000000000000000000000574060166667955,0.0000000000000000000000114972146089593,0.0000000000000000000000000423779190587518,-0.0000000000000000000000000106600060643718,-0.00000000000000000000000000911908723442308,-0.00000000000000000000000000526689146346631,0.0000000000000000000000000492277400472297,0.00000000000000000711105914070095,0.000000000000000000000000165961826813416,0.00000000000000000313126780699142,-0.0000000000000000000000000974944379707223,0.00000000000000000373094686772245,-0.00000000000000000407368791376288,-0.00000000000000000000000000136168379671479,0.000000000000000000000000000161705423510189,0.0000000000000000000000186447480052821,-0.0000000000000000000000000673907662703898,-0.00000000000000000393521622486028,-0.00000000000000000574376019383346,0.00000000000000000275997972403602,-0.0000000000000000000000000154402835939975,0.0000000000000000000000000192526141558494,-0.000000000000000000000000161839819042458,-0.000000000000000000000134246947833544,0.0000000000000000000000000721083763507411,0.00000000000000000000000071467711594732,-0.0000000000000000000000000274038938598267,0.000000000000000000000000000510743524927873,-0.0000000000000000000000000372512969249951,-0.00000000000000000000000158022131622022,0.0000000000000000000000000524112221266161,-0.00000000000000000254409778507371
0.000000000000000000000105090951699163,-0.00000000000000000112936571694302,0.000000000000000000000000674463797316128,-0.000000000000000000000000000919115688109301,0.00000000000000000000000252431052328132,0.00000000000000000000000000139760768648496,-0.000000000000000000000000172676056170833,-0.00000000000000000185919885532471,-0.000000000000000000000000296047196429705,-0.0000000000000000000000000791189524005611,-0.000000000000000000000000000482373036103094,-0.00000000000000000000000247814007222054,0.00000000000000000112232258421986,0.00000000000000000000000000457404779562272,0.00000000000000000139690208662954,0.00000000000000000184272762137724,0.0000000000000000000000000261049234458155,-0.000000000000000000000000303571622914639,-0.000000000000000000000000000927186586430747,-0.0000000000000000000000000820417991509456,0.0000000000000000000000000145428788178548,-0.00000000000000000000000000352789304985327,-0.00000000000000000000000000327054412770843,-0.00000000000000000000000000186838026875403,0.0000000000000000000000000171841392029303,0.00000000000000000249307873245751,0.000000000000000000000000058987980145347,0.00000000000000000109802591148491,-0.0000000000000000000000000342891735296967,0.00000000000000000130511388656001,-0.00000000000000000143803984644333,-0.000000000000000000000000000309539144002935,0.0000000000000000000000000000499047057467587,0.00000000000000000000000652110171250003,-0.0000000000000000000000000231404273048257,-0.00000000000000000137693715196738,-0.00000000000000000201996988597567,0.000000000000000000965584989633283,-0.00000000000000000000000000533939617771067,0.00000000000000000000000000677543849253781,-0.0000000000000000000000000500251582443796,-0.0000000000000000000000119849026200632,0.0000000000000000000000000249562541454082,0.000000000000000000000000254724665410062,-0.00000000000000000000000000945286244936505,0.000000000000000000000000000179664262833239,-0.0000000000000000000000000128925918189681,-0.000000000000000000000000550756454400212,0.0000000000000000000000000175493802613036,-0.000000000000000000885715118022154
-0.00000000000000000000064041848743955,0.00000000000000000541672110377082,-0.00000000000000000000000352065900430015,0.00000000000000000000000000471097871836673,-0.0000000000000000000000128743803671624,-0.00000000000000000000000000743449788248294,0.00000000000000000000000109515518294241,0.00000000000000000947559049045012,0.0000000000000000000000016169003900846,0.000000000000000000000000400182357945215,0.000000000000000000000000000698645724394047,0.0000000000000000000000127283503806925,-0.00000000000000000575940341998776,-0.0000000000000000000000000244471815573001,-0.00000000000000000719880397853874,-0.00000000000000000940626282895083,-0.000000000000000000000000157012335429152,0.00000000000000000000000159422852766855,0.00000000000000000000000000607864974979614,-0.00000000000000000000000948858305106662,-0.0000000000000000000000000703877412939618,0.0000000000000000000000000184111137333884,0.0000000000000000000000000164393605230203,0.0000000000000000000000000102370186929179,-0.0000000000000000000000000881569441176299,-0.0000000000000000127837173706212,-0.000000000000000000000000303999604607625,-0.00000000000000000561871281909198,0.000000000000000000000000175365554167668,-0.00000000000000000674574226779242,0.00000000000000000744487614870285,0.00000000000000000000000000146585898444715,-0.000000000000000000000000000292499165856353,-0.000000000000000000000033692826708172,0.000000000000000000000000121761112129171,0.00000000000000000711936734277344,0.0000000000000000103631916836665,-0.00000000000000000497510219602826,0.0000000000000000000000000281169193475575,-0.0000000000000000000000000343795196737599,0.000000000000000000000000292795487126481,0.000000000000000000000231331403106821,-0.000000000000000000000000131120466057504,-0.0000000000000000000000013202197629999,0.0000000000000000000000000494063122716733,-0.000000000000000000000000000929148146079106,0.0000000000000000000000000671399886212152,0.0000000000000000000000028607516135338,-0.000000000000000000000000109055360937083,0.00000000000000000458078437084361
