"alpha","misc.dent.ax","misc.dent.eq","f.chi.0.ax","f.chi.1.ax","f.chi.2.ax","f.chi.3.ax","f.Z.0.ax","f.Z.1.ax","f.Z.2.ax","f.Z.3.ax","f.I.0.ax","f.I.1.ax","f.I.2.ax","f.I.3.ax","f.T.0.ax","f.T.1.ax","f.T.2.ax","f.T.3.ax","f.S.0.ax","f.S.1.ax","f.S.2.ax","f.S.3.ax","f.chi.0.eq","f.chi.1.eq","f.chi.2.eq","f.chi.3.eq","f.Z.0.eq","f.Z.1.eq","f.Z.2.eq","f.Z.3.eq","f.I.0.eq","f.I.1.eq","f.I.2.eq","f.I.3.eq","f.T.0.eq","f.T.1.eq","f.T.2.eq","f.T.3.eq","f.S.0.eq","f.S.1.eq","f.S.2.eq","f.S.3.eq","lc.chi.0.ax","lc.chi.1.ax","lc.chi.2.ax","lc.chi.3.ax","lc.Z.0.ax","lc.Z.1.ax","lc.Z.2.ax","lc.Z.3.ax","lc.I.1.ax","lc.I.2.ax","lc.I.3.ax","lc.T.0.ax","lc.T.1.ax","lc.T.2.ax","lc.T.3.ax","lc.S.0.ax","lc.S.1.ax","lc.S.2.ax","lc.S.3.ax","lc.chi.0.eq","lc.chi.1.eq","lc.chi.2.eq","lc.chi.3.eq","lc.Z.0.eq","lc.Z.1.eq","lc.Z.2.eq","lc.Z.3.eq","lc.I.1.eq","lc.I.2.eq","lc.I.3.eq","lc.T.0.eq","lc.T.1.eq","lc.T.2.eq","lc.T.3.eq","lc.S.0.eq","lc.S.1.eq","lc.S.2.eq","lc.S.3.eq","mc.chi.0.all","mc.chi.1.all","mc.chi.2.all","mc.chi.3.all","mc.Z.0.all","mc.Z.1.all","mc.Z.2.all","mc.Z.3.all","mc.I.2.all","mc.I.3.all","mc.T.1.all","mc.T.2.all","mc.T.3.all","mc.S.0.all","mc.S.1.all","mc.S.2.all","mc.S.3.all","f.chi.0.all","f.chi.1.all","f.chi.2.all","f.chi.3.all","f.Z.0.all","f.Z.1.all","f.Z.2.all","f.Z.3.all","f.I.0.all","f.I.1.all","f.I.2.all","f.I.3.all","f.T.0.all","f.T.1.all","f.T.2.all","f.T.3.all","f.S.0.all","f.S.1.all","f.S.2.all","f.S.3.all","D_lc.chi.1.ax","D_lc.chi.2.ax","D_lc.chi.3.ax","D_lc.Z.1.ax","D_lc.Z.2.ax","D_lc.Z.3.ax","D_lc.T.1.ax","D_lc.T.2.ax","D_lc.T.3.ax","D_lc.S.1.ax","D_lc.S.2.ax","D_lc.S.3.ax","D_lc.chi.1.eq","D_lc.chi.2.eq","D_lc.chi.3.eq","D_lc.Z.1.eq","D_lc.Z.2.eq","D_lc.Z.3.eq","D_lc.T.1.eq","D_lc.T.2.eq","D_lc.T.3.eq","D_lc.S.1.eq","D_lc.S.2.eq","D_lc.S.3.eq","D_mc.chi.1.all","D_mc.chi.2.all","D_mc.chi.3.all","D_mc.Z.1.all","D_mc.Z.2.all","D_mc.Z.3.all","D_mc.T.1.all","D_mc.T.2.all","D_mc.T.3.all","D_mc.S.1.all","D_mc.S.2.all","D_mc.S.3.all","ox2","ox3","d3","d4","d5","d6","d7","d8"
0.2,1,4,87.5689,190.536,351.664,418.976,446,792,1002,688,16,32,62,78,94,240,314,256,5.3739,13.5828,21.3898,20.4592,458.5964,1062.432,1708.704,2151.092,1808,4464,6624,7160,76,168,272,352,440,1128,1680,1872,32.1708,82.1128,126.28,145.4976,6.6564,13.158,35.862,29.283,256,192,256,160,2,6,5,4,16,24,16,1.0404,1.5708,3.0804,2.295,9.2416,15.504,31.008,44.384,49,84,168,182,2,4,6,4,12,24,28,0.5625,1.155,2.31,2.865,3.3489,31.6956,55.998,106.872,676,1560,1872,2704,12,24,108,240,360,1.5625,6.3,11.55,19.1,637.0831,1506.8952,2773.7312,3962.076,3376,9168,15264,20472,109,244,450,660,694,1904,3202,4304,44.4811,121.8784,213.2304,292.992,0.06,1.58,1.55,20,80,70,-4,0,2,0.5,3.1,2.85,0.98,1.96,3.64,2,4,16,-2,-4,-2,-0.04,-0.08,0.68,-6.34,-8.64,-14.48,96,240,520,18,32,84,2.46,5.76,14.72,0,1,0,0,1,0,0,0
0.2,1,1,207.8446,421.453,657.5824,786.2652,883,1804,2572,2634,30,62,96,118,158,384,522,558,12.8966,30.139,43.4648,48.415,21.5136,30.272,9.68,0,66,32,2,0,3,4,2,0,6,8,2,0,0.8067,1.0804,0.2738,0,11.8336,8.772,20.6056,17.544,64,48,112,96,1,2,2,1,3,4,6,0.5329,0.5621,1.095,1.1242,11.8336,15.136,0,0,64,16,0,0,2,0,0,4,4,0,0,0.5329,0.5402,0,0,2.4025,31.992,35.185,18.569,625,1200,500,700,10,4,96,84,48,1.9321,6.0882,6.255,4.17,504.1461,1027.978,1779.2628,2390.5484,2655,6136,8072,8268,73,152,250,344,402,1020,1448,1612,30.9521,76.776,116.5218,138.02,0.89,0.89,1.78,2,2,4,-2,-2,-4,-0.04,-0.04,-0.08,2.48,0,0,14,0,0,2,0,0,0.72,0,0,-11.34,-7.2,-5.78,102,230,72,20,46,16,3.96,9.4,2.56,1,0,0,0,1,0,0,0
0.2,1,4,139.9261,305.133,478.266,554.43,541,1236,1686,1776,23,48,76,90,124,302,420,458,9.4727,22.792,32.8724,37.1866,218.1514,479.966,871.918,1163.2784,580,1400,1732,1796,38,76,144,204,220,568,756,820,11.4646,29.9708,46.2064,54.422,6.5025,6.5025,6.5025,13.005,36,36,36,72,1,1,2,1,2,3,6,0.5929,0.5929,0.5929,1.1858,9.2416,22.192,42.256,43.7456,49,91,112,119,3,6,6,9,27,36,33,0.5625,1.4325,2.265,2.25,2.7556,28.6516,56.938,75.364,576,960,1536,960,14,20,120,240,180,1.6129,5.7658,11.6586,11.43,500.7592,1147.5352,2190.2622,3242.358,2238,5792,9508,10648,85,184,354,544,538,1492,2512,3188,32.0229,87.0864,152.4442,209.688,0,0,0,0,0,0,-1,-2,-4,0,0,0,1.82,4.34,3.85,8,26,25,0,6,7,0.34,1.48,1.5,-7.3,-11.06,-12.2,104,272,440,16,44,90,3.08,8.6,16.4,0,1,1,0,0,0,0,0
0.2,1,2,60.535,111.3864,174.285,158.136,398,712,468,168,10,18,30,24,48,102,96,60,3.5805,8.0496,9.6058,6.66,174.4447,366.588,564.111,712.776,679,1476,2016,2088,28,58,90,116,148,366,498,500,11.4652,27.489,39.5626,43.8036,11.8336,8.8752,17.544,45.408,64,128,96,48,1,2,6,1,3,8,6,0.5329,0.7446,1.1242,1.6206,11.8336,8.772,17.544,33.884,64,48,96,152,1,2,4,1,3,6,10,0.5329,0.5621,1.1242,1.9564,3.6481,39.4224,29.3376,48.705,784,1344,1568,1680,6,10,72,108,204,1.4641,5.2998,6.1952,9.317,473.6075,1034.7936,1890.4752,2297.442,2938,7064,10024,11968,77,164,282,352,446,1116,1604,1944,31.5555,81.6768,126.7142,152.4404,0.86,1.78,7.44,-8,4,42,-2,-6,0,-0.29,-0.08,2.16,0.89,1.78,3.91,2,4,13,-2,-4,-6,-0.04,-0.08,0.24,-9.18,-3.9,-6.4,120,112,220,24,18,26,2.88,2.14,4.4,1,0,0,0,0,0,0,1
0.2,2,2,189.2666,371.728,612.6442,717.4116,755,1480,2140,2592,27,54,90,100,144,340,420,444,10.6323,24.7182,35.8474,40.7404,189.2666,371.728,612.6442,717.4116,755,1480,2140,2592,27,54,90,100,144,340,420,444,10.6323,24.7182,35.8474,40.7404,11.8336,8.772,17.544,39.6804,64,48,96,216,1,2,4,1,3,6,10,0.5329,0.5621,1.1242,2.2046,11.8336,8.772,17.544,39.6804,64,48,96,216,1,2,4,1,3,6,10,0.5329,0.5621,1.1242,2.2046,3.3489,37.7712,27.999,27.999,676,1248,936,936,6,6,72,108,108,1.5625,5.475,5.775,5.775,571.1487,1190.7264,2248.9386,2558.2872,2941,6936,10212,11568,82,174,312,354,486,1200,1668,1938,33.4594,85.1046,135.0792,157.5546,0.89,1.78,2.225,2,4,5,-2,-4,-6,-0.04,-0.08,-0.1,0.89,1.78,2.225,2,4,5,-2,-4,-6,-0.04,-0.08,-0.1,-9.66,-4.32,-4.32,108,120,120,24,18,18,3.12,2.88,2.88,0,1,0,0,1,0,0,0
0.2,1,2,107.9991,232.458,430.659,601.197,312,732,960,900,19,38,74,108,112,300,422,378,6.2187,15.6926,25.0702,29.0404,186.4254,395.2494,568.97,734.6982,741,1608,2078,2382,29,60,90,118,150,370,514,552,11.9973,28.5252,40.1638,46.7742,6.5025,7.752,6.5025,18.615,36,42,36,78,1,1,3,1,2,4,9,0.5929,0.5775,0.5929,1.4707,9.2416,18.2096,18.848,32.4976,49,98,87.5,175,2,2.5,4,4,9,13,22,0.5625,1.125,1.29375,2.295,3.3489,31.5858,54.9732,36.051,676,1040,1820,988,10,8,96,132,132,1.5625,5.675,9.375,6.7,592.1979,1318.5864,2357.1406,3505.206,2782,6760,11048,12656,97,208,378,556,586,1576,2416,2724,37.9945,99.7856,166.3938,214.9492,-0.49,0,0.35,-1,0,5,-1,-3,-6,0.02,0,0.4,0.09,1.4,1.47,0,5,3,-0.5,-1.5,-3,0,0.15,-0.06,-6.28,-11.74,-5.06,116,190,170,20,38,26,2.96,5,4.64,1,0,0,0,0,1,0,0
0.2,1,4,86.0539,182.733,284.222,309.581,515,780,978,944,15,30,48,54,78,186,240,222,6.149,13.86,19.6782,19.2826,244.1614,523.362,911.506,1079.6284,724,1680,2212,2524,42,84,152,176,236,564,700,824,13.8362,34.7732,51.0408,59.5264,6.6564,6.579,17.931,13.158,256,96,128,192,1,3,2,1,4,5,6,1.0404,0.7854,1.5402,1.5708,9.2416,15.504,36.632,58.1856,49,84,140,168,2,5,8,4,14,26,30,0.5625,1.155,2.2875,3.105,3.3489,31.6956,46.665,85.644,676,1560,1560,1560,10,20,96,216,252,1.5625,6.3,9.625,13.25,419.6181,952.2192,1822.9832,2442.052,2430,6360,10180,12808,73,156,298,404,454,1200,1948,2668,27.6967,75.0932,130.718,178.336,0.03,0.79,0.06,10,40,20,-3,-2,-4,0.25,1.55,0.5,0.98,3.15,5.18,2,15,32,-3,-3,1,-0.04,0.7,1.86,-6.34,-7.2,-10.2,96,200,460,20,24,78,2.46,4.8,14.4,0,1,0,0,1,0,0,0
0.2,1,1,55.2498,116.3152,159.0794,83.468,222,472,518,80,8,16,22,14,38,84,96,34,3.284,7.4396,9.0906,3.6482,21.5136,30.272,9.68,0,66,32,2,0,3,4,2,0,6,8,2,0,0.8067,1.0804,0.2738,0,9.2416,15.504,31.8592,6.688,49,84,112,7,2,4,1,4,12,14,2,0.5625,1.155,1.68,0.2775,11.8336,15.136,0,0,64,16,0,0,2,0,0,4,4,0,0,0.5329,0.5402,0,0,2.4025,30.752,43.09,32.488,625,1150,800,800,12,8,108,120,84,1.9321,6.1438,8.3956,6.2272,198.9565,415.2224,770.8668,1151.912,1333,3372,4406,4240,29,60,106,164,166,456,738,840,11.7269,31.4884,52.3474,64.2028,0.98,1.68,0.84,2,12,6,-2,1,1,-0.04,0.76,0.38,2.48,0,0,14,0,0,2,0,0,0.72,0,0,-10.54,-9.2,-8.56,104,268,168,18,52,34,3.92,10.64,6.64,1,0,0,0,1,0,0,0
0.2,1,4,15.7441,15.504,0,0,85,84,0,0,2,2,0,0,2,2,0,0,1.1554,1.155,0,0,218.1514,479.966,871.918,1163.2784,580,1400,1732,1796,38,76,144,204,220,568,756,820,11.4646,29.9708,46.2064,54.422,6.5025,7.752,0,0,36,42,0,0,1,0,0,1,1,0,0,0.5929,0.5775,0,0,9.2416,22.192,42.256,43.7456,49,91,112,119,3,6,6,9,27,36,33,0.5625,1.4325,2.265,2.25,2.4025,26.753,54.684,62.465,625,1000,1650,700,14,18,120,228,144,1.9321,6.3106,12.7046,10.3694,252.0421,564.48,1229.2222,2136.5316,1375,3568,6364,6712,43,92,202,360,294,888,1636,2104,15.7075,44.902,88.7914,132.892,-0.49,0,0,-1,0,0,0,0,0,0.02,0,0,1.82,4.34,3.85,8,26,25,0,6,7,0.34,1.48,1.5,-7.96,-13.58,-12.4,110,284,422,16,46,84,3.8,10.32,17.56,0,1,0,1,0,0,0,0
0.2,1,4,15.7441,15.504,0,0,85,84,0,0,2,2,0,0,2,2,0,0,1.1554,1.155,0,0,908.6068,1930.401,3569.1574,4797.6592,3040,6840,10648,13576,146,300,568,766,868,2242,3418,4654,50.9458,129.514,211.978,290.929,6.5025,7.752,0,0,36,42,0,0,1,0,0,1,1,0,0,0.5929,0.5775,0,0,9.2416,15.504,36.29,76.4788,49,84,182,311.5,2,4.75,10.25,4,13.5,34,56.5,0.5625,1.155,2.593125,4.861875,3.5344,32.4488,49.7824,65.8,729,1080,1674,1998,10,14,96,174,294,1.5876,5.7204,9.6516,12.5748,943.6294,2026.3066,3916.6584,5545.7936,3939,9168,15328,20922,151,316,618,876,934,2496,4114,6048,54.8442,143.2648,248.457,363.7164,-0.49,0,0,-1,0,0,0,0,0,0.02,0,0,0.98,2.5025,6.0025,2,7.25,27.25,-2.75,-7.5,-7.75,-0.04,0.105,1.205,-5.98,-7.68,-8.68,122,208,304,20,31,35,3.02,4.94,7.66,1,0,0,0,0,0,1,0
0.2,1,2,21.5136,30.272,9.68,0,66,32,2,0,3,4,2,0,6,8,2,0,0.8067,1.0804,0.2738,0,125.2582,274.742,494.158,717.2102,328,776,1096,1112,22,44,84,126,128,344,504,512,6.599,17.3428,28.1628,34.3366,11.8336,15.136,0,0,64,16,0,0,2,0,0,4,4,0,0,0.5329,0.5402,0,0,9.2416,21.128,22.192,44.8096,49,56,91,154,3,3,6,9,18,27,42,0.5625,1.1325,1.4325,2.55,3.6481,36.3664,69.906,36.29,784,1232,1008,784,16,8,132,168,120,1.4641,5.3966,9.0992,5.5176,297.1917,682.7608,1449.376,2572.178,1572,4080,5824,5916,51,108,234,416,342,1024,1822,2204,16.2755,47.6396,91.6474,128.696,2.48,0,0,14,0,0,2,0,0,0.72,0,0,2.17,1.82,3.5,13,8,20,3,0,4,0.74,0.34,1.1,-7.58,-6.04,-3.72,124,412,196,14,68,28,2.8,11.84,5.12,1,0,0,0,0,0,0,1
0.2,2,2,156.0621,220.116,443.5038,399.8924,795,1140,2244,1904,14,26,42,40,68,150,154,128,7.1918,14.1218,21.8034,19.62,156.0621,220.116,443.5038,399.8924,795,1140,2244,1904,14,26,42,40,68,150,154,128,7.1918,14.1218,21.8034,19.62,11.8336,8.772,17.544,57.4136,64,48,96,272,1,2,5,1,3,7,7,0.5329,0.5621,1.1242,2.3871,11.8336,8.772,17.544,57.4136,64,48,96,272,1,2,5,1,3,7,7,0.5329,0.5621,1.1242,2.3871,3.3489,37.7712,27.999,41.9985,676,1248,936,1404,6,9,72,108,198,1.5625,5.475,5.775,8.6625,471.5352,735.8904,1741.5174,1704.7302,3061,5916,10524,10824,43,90,168,186,258,630,882,1152,23.1379,53.3154,92.9472,103.1658,0.89,1.78,0.51,2,4,6,-2,-5,-2,-0.04,-0.08,0.38,0.89,1.78,0.51,2,4,6,-2,-5,-2,-0.04,-0.08,0.38,-9.66,-4.32,-6.48,108,120,180,24,18,21,3.12,2.88,4.32,0,1,0,0,1,0,0,0
0.2,1,4,21.5136,30.272,9.68,0,66,32,2,0,3,4,2,0,6,8,2,0,0.8067,1.0804,0.2738,0,596.2916,1270.3496,2169.4368,2673.9256,2240,4976,7488,9424,92,192,344,424,536,1344,1880,2320,35.5836,88.1008,138.5656,170.9064,11.8336,15.136,0,0,64,16,0,0,2,0,0,4,4,0,0,0.5329,0.5402,0,0,9.2416,15.504,31.008,49.4912,49,84,168,266,2,4,6,4,12,24,40,0.5625,1.155,2.31,3.435,3.3489,34.8432,53.436,55.998,676,1144,1352,1872,12,12,108,168,216,1.5625,5.575,9.55,11.55,642.6677,1400.58,2597.5568,3589.2496,3048,7328,11808,16336,99,212,402,552,614,1632,2586,3608,38.7595,101.4116,174.789,241.5144,2.48,0,0,14,0,0,2,0,0,0.72,0,0,0.98,1.96,1.96,2,4,4,-2,-4,-8,-0.04,-0.08,-0.08,-8.06,-7.24,-8.64,112,260,240,18,44,36,3.04,7.36,5.76,0,1,0,0,1,0,0,0
0.2,1,1,63.1797,100.0692,186.7296,136.224,487,996,774,144,8,14,24,18,38,80,60,18,3.6427,7.7478,9.6558,4.8618,73.5332,157.845,246.6232,199.581,248,564,682,330,12,24,38,34,62,144,182,128,4.318,10.3796,14.0242,10.5622,11.8336,8.8752,32.4392,22.704,64,128,176,24,1,3,3,1,4,6,3,0.5329,0.7446,1.6279,0.8103,9.2416,15.504,30.3696,14.44,49,84,105,49,2,4,2,4,12,16,10,0.5625,1.155,1.695,0.855,3.3489,34.8432,46.7748,107.6406,676,1144,2080,2704,10,22,96,192,264,1.5625,5.575,10.25,16.875,423.8411,901.2048,1755.3896,2099.8452,2642,6536,10048,12872,65,136,250,316,386,992,1532,1976,26.1199,68.164,112.4842,146.648,0.86,0.89,3.72,-8,2,21,-3,-3,0,-0.29,-0.04,1.08,0.98,2.17,1.33,2,13,7,-2,0,-1,-0.04,0.74,0.36,-8.06,-7.26,-18.56,112,180,468,20,28,88,3.04,4.3,14,1,0,0,0,0,1,0,0
0.2,2,2,118.1803,258.9762,373.7904,376.6398,710,1338,2022,1518,18,38,56,58,94,224,292,256,8.2621,19.3598,27.2876,24.4394,118.1803,258.9762,373.7904,376.6398,710,1338,2022,1518,18,38,56,58,94,224,292,256,8.2621,19.3598,27.2876,24.4394,9.2416,16.2488,26.6456,32.224,49,87.5,164.5,178.5,2,3.5,4,4,11,18,17,0.5625,1.1475,1.965,2.08125,9.2416,16.2488,26.6456,32.224,49,87.5,164.5,178.5,2,3.5,4,4,11,18,17,0.5625,1.1475,1.965,2.08125,3.3489,33.3792,58.6881,68.2407,676,1092,1950,2730,12,15,108,198,216,1.5625,5.625,11.475,13.875,357.8898,843.687,1515.9954,2092.8552,2806,6198,11436,14466,55,126,222,306,348,954,1650,2136,26.3488,69.3294,121.6878,159.6132,0.735,1.875,1.56,1.5,1,2.5,-1.5,-2,-0.5,-0.03,0.005,0.225,0.735,1.875,1.56,1.5,1,2.5,-1.5,-2,-0.5,-0.03,0.005,0.225,-7.26,-10.11,-9.84,114,237,285,18,39,54,3,5.82,7.65,1,0,0,0,0,1,0,0
0.2,2,2,96.2182,205.609,309.949,346.1952,322,712,874,756,16,32,50,58,82,196,244,224,5.7776,13.9228,19.0294,18.5826,96.2182,205.609,309.949,346.1952,322,712,874,756,16,32,50,58,82,196,244,224,5.7776,13.9228,19.0294,18.5826,9.2416,18.316,25.536,30.3696,49,70,94.5,105,2.5,3.5,4,6.5,15,18.5,17.5,0.5625,1.14375,1.57125,1.695,9.2416,18.316,25.536,30.3696,49,70,94.5,105,2.5,3.5,4,6.5,15,18.5,17.5,0.5625,1.14375,1.57125,1.695,3.3489,33.3792,66.1545,64.233,676,1092,1560,1170,15,15,126,216,162,1.5625,5.625,11.4375,9.9375,292.0035,683.5854,1339.404,2117.538,1642,4320,7212,8010,49,108,210,336,318,912,1626,2136,18.8953,53.0184,96.8382,133.9428,1.575,2.24,2.17,7.5,11,13,0.5,0.5,1.5,0.35,0.53,0.74,1.575,2.24,2.17,7.5,11,13,0.5,0.5,1.5,0.35,0.53,0.74,-7.26,-8.7,-7.65,114,330,345,15,54,63,3,9.6,10.8,1,0,0,0,0,1,0,0
0.2,1,2,22.4005,28.662,15.6864,0,341,276,224,0,3,4,2,0,6,8,2,0,2.1958,2.7258,1.53,0,171.9998,388.1452,598.768,699.6252,662,1576,2176,2052,28,60,94,114,154,384,542,538,11.494,28.5992,41.8738,43.623,9.2416,7.752,7.8432,0,49,42,112,0,1,1,0,1,2,1,0,0.5625,0.5775,0.765,0,9.2416,16.2488,29.944,34.7776,49,87.5,133,143.5,2,4,4.5,4,12,20,19,0.5625,1.1475,2.01,2.13375,3.3489,33.3792,48.4584,62.8788,676,1092,1612,2184,10,14,96,168,180,1.5625,5.625,9.575,12.1,392.1495,900.3728,1603.0736,2231.0176,2682,5888,9494,12280,63,140,242,344,382,1032,1720,2144,28.9421,73.9,122.8326,162.026,0.49,0.46,0,1,-9,0,-1,0,0,-0.02,-0.27,0,0.735,2.31,2.24,1.5,9,11,-2,-2,-0.5,-0.03,0.32,0.53,-7.26,-8.18,-8.74,114,198,280,20,32,54,3,4.84,7.82,1,0,0,0,0,1,0,0
0.2,1,4,15.7441,15.504,0,0,85,84,0,0,2,2,0,0,2,2,0,0,1.1554,1.155,0,0,896.8259,1916.277,3562.0766,4923.3398,3050,6882,11096,14486,143,296,562,774,858,2244,3546,4870,50.5047,128.946,214.9754,301.149,6.5025,7.752,0,0,36,42,0,0,1,0,0,1,1,0,0,0.5929,0.5775,0,0,9.2416,15.504,40.2724,81.9736,49,84,196,348.25,2,5.25,10.75,4,14.5,36,60,0.5625,1.155,2.803125,5.210625,3.5344,32.4488,49.7824,75.6512,729,1080,1674,2214,10,16,96,186,318,1.5876,5.7204,9.6516,13.986,931.8485,2012.1826,3909.5776,5691.1766,3949,9210,15776,22264,148,312,612,888,924,2502,4274,6366,54.4031,142.6968,251.4544,376.7588,-0.49,0,0,-1,0,0,0,0,0,0.02,0,0,0.98,2.7125,5.715,2,8.75,25.5,-3.25,-7.5,-8.5,-0.04,0.2,1.115,-5.98,-7.68,-10.16,122,208,350,20,29,43,3.02,4.94,9.06,1,0,0,0,0,0,1,0
0.2,1,1,101.6441,226.593,348.46,403.894,380,900,1204,1114,17,36,56,68,92,228,320,318,6.8569,16.9708,24.4872,25.5048,22.4005,28.662,15.6864,0,341,276,224,0,3,4,2,0,6,8,2,0,2.1958,2.7258,1.53,0,9.2416,15.504,28.88,22.192,49,84,98,91,2,4,3,4,12,16,14,0.5625,1.155,1.71,1.4325,9.2416,7.752,7.8432,0,49,42,112,0,1,1,0,1,2,1,0,0.5625,0.5775,0.765,0,3.3489,33.3792,37.332,53.6556,676,1092,1248,2392,8,12,84,120,120,1.5625,5.625,7.7,10.8,296.2391,634.5924,1111.5776,1535.2592,2800,5088,7270,10372,47,100,166,240,266,696,1090,1360,24.0595,56.0948,87.3694,118.8096,0.98,2.66,1.82,2,14,8,-2,0,-1,-0.04,0.72,0.34,0.49,0.46,0,1,-9,0,-1,0,0,-0.02,-0.27,0,-7.26,-5.76,-7.36,114,160,220,22,28,52,3,3.84,6.36,0,1,0,0,1,0,0,0
0.2,1,1,73.5332,157.845,246.6232,199.581,248,564,682,330,12,24,38,34,62,144,182,128,4.318,10.3796,14.0242,10.5622,73.5332,157.845,246.6232,199.581,248,564,682,330,12,24,38,34,62,144,182,128,4.318,10.3796,14.0242,10.5622,9.2416,15.504,30.3696,14.44,49,84,105,49,2,4,2,4,12,16,10,0.5625,1.155,1.695,0.855,9.2416,15.504,30.3696,14.44,49,84,105,49,2,4,2,4,12,16,10,0.5625,1.155,1.695,0.855,3.3489,33.3792,55.998,109.6902,676,1092,1872,2340,12,24,108,216,288,1.5625,5.625,11.55,16.95,444.5481,1013.8284,1868.9832,2347.1064,2164,5568,9306,11700,73,156,282,372,438,1152,1890,2484,27.4705,73.5276,124.1202,166.5732,0.98,2.17,1.33,2,13,7,-2,0,-1,-0.04,0.74,0.36,0.98,2.17,1.33,2,13,7,-2,0,-1,-0.04,0.74,0.36,-7.26,-8.64,-16.02,114,240,534,18,36,96,3,5.76,16.44,0,1,0,0,1,0,0,0
0.2,1,4,49.0913,77.344,97.6176,60.544,215,304,378,64,6,10,12,8,22,42,28,8,2.495,4.5134,4.6692,2.1608,218.1514,479.966,871.918,1163.2784,580,1400,1732,1796,38,76,144,204,220,568,756,820,11.4646,29.9708,46.2064,54.422,11.8336,8.772,22.2912,15.136,64,48,120,16,1,2,2,1,3,4,2,0.5329,0.5621,1.0804,0.5402,9.2416,22.192,42.256,43.7456,49,91,112,119,3,6,6,9,27,36,33,0.5625,1.4325,2.265,2.25,2.7556,31.6064,56.938,88.4116,576,1056,1536,1392,14,22,120,252,192,1.6129,5.6642,11.6586,13.2334,319.0896,697.8668,1482.9172,2393.7112,1586,4120,7172,8552,51,108,226,384,334,976,1756,2368,18.0675,50.326,95.4378,141.8976,0.89,0.4,2.48,2,1,14,-2,-2,0,-0.04,-0.02,0.72,1.82,4.34,3.85,8,26,25,0,6,7,0.34,1.48,1.5,-9.08,-11.06,-16.74,100,272,470,16,42,100,3.16,8.6,17.52,0,1,1,0,0,0,0,0
0.2,1,4,76.22,160.14,229.245,264.395,293,636,768,656,13,26,38,46,64,154,198,166,5.4277,12.3354,16.3702,16.2334,218.1514,479.966,871.918,1163.2784,580,1400,1732,1796,38,76,144,204,220,568,756,820,11.4646,29.9708,46.2064,54.422,6.5025,6.5025,6.5025,13.005,36,36,36,72,1,1,2,1,2,3,6,0.5929,0.5929,0.5929,1.1858,9.2416,22.192,42.256,43.7456,49,91,112,119,3,6,6,9,27,36,33,0.5625,1.4325,2.265,2.25,2.7556,28.6516,56.938,75.364,576,960,1536,960,14,20,120,240,180,1.6129,5.7658,11.6586,11.43,373.347,857.5492,1692.2202,2662.288,1742,4592,7672,8408,65,140,278,456,418,1196,2068,2604,23.9329,66.1732,119.4398,167.7816,0,0,0,0,0,0,-1,-2,-4,0,0,0,1.82,4.34,3.85,8,26,25,0,6,7,0.34,1.48,1.5,-7.3,-11.06,-12.2,104,272,440,16,44,90,3.08,8.6,16.4,0,1,1,0,0,0,0,0
0.2,1,4,21.5136,30.272,9.68,0,66,32,2,0,3,4,2,0,6,8,2,0,0.8067,1.0804,0.2738,0,228.1264,495.057,796.998,943.6554,790,1824,2304,2172,38,78,128,158,206,504,652,644,14.2006,34.9118,49.6408,52.1678,11.8336,15.136,0,0,64,16,0,0,2,0,0,4,4,0,0,0.5329,0.5402,0,0,9.2416,15.504,32.756,37.5896,49,84,119,129.5,2,4.5,5,4,13,20,19,0.5625,1.155,1.99875,2.1225,2.4025,29.512,45.26,50.995,625,1100,1300,1100,12,14,108,180,168,1.9321,6.1994,10.6196,10.5362,273.5561,614.625,1208.766,1874.023,1547,4088,6520,7680,45,98,186,294,284,796,1366,1852,17.7461,49.4714,88.0034,123.1182,2.48,0,0,14,0,0,2,0,0,0.72,0,0,0.98,2.905,2.835,2,14.5,16.5,-2.5,-1,0.5,-0.04,0.71,0.92,-9.74,-10.6,-11.2,106,248,306,18,42,56,3.88,9.04,11.88,1,0,0,0,1,0,0,0
0.2,1,1,21.5136,30.272,9.68,0,66,32,2,0,3,4,2,0,6,8,2,0,0.8067,1.0804,0.2738,0,57.3507,122.057,173.8852,125.268,210,458,514,108,9,18,26,22,44,102,122,50,3.4513,8.0702,10.3058,5.3354,11.8336,15.136,0,0,64,16,0,0,2,0,0,4,4,0,0,0.5329,0.5402,0,0,9.2416,15.504,30.3696,13.376,49,84,105,14,2,4,2,4,12,16,4,0.5625,1.155,1.695,0.555,2.4025,29.512,45.26,61.938,625,1100,1300,1500,12,16,108,168,192,1.9321,6.1994,10.6196,12.5656,274.8325,607.796,1107.3088,1552.308,1597,4096,6272,7272,43,92,162,240,254,696,1162,1440,17.3507,46.8404,79.5858,103.2208,2.48,0,0,14,0,0,2,0,0,0.72,0,0,0.98,2.17,1.68,2,13,12,-2,0,2,-0.04,0.74,0.76,-9.74,-10.6,-15.16,106,248,340,18,44,64,3.88,9.04,13.2,1,0,0,0,1,0,0,0
0.2,1,4,21.5136,30.272,9.68,0,66,32,2,0,3,4,2,0,6,8,2,0,0.8067,1.0804,0.2738,0,218.1514,479.966,871.918,1163.2784,580,1400,1732,1796,38,76,144,204,220,568,756,820,11.4646,29.9708,46.2064,54.422,11.8336,15.136,0,0,64,16,0,0,2,0,0,4,4,0,0,0.5329,0.5402,0,0,9.2416,22.192,42.256,43.7456,49,91,112,119,3,6,6,9,27,36,33,0.5625,1.4325,2.265,2.25,2.4025,29.512,58.9,62.465,625,1100,1400,700,16,18,132,240,144,1.9321,6.1994,12.6768,10.3694,263.5811,599.534,1310.966,2336.17,1337,3664,6148,6464,45,96,210,380,306,928,1738,2328,15.0101,44.5304,88.6834,131.4004,2.48,0,0,14,0,0,2,0,0,0.72,0,0,1.82,4.34,3.85,8,26,25,0,6,7,0.34,1.48,1.5,-9.74,-13.2,-12.4,106,344,422,14,56,84,3.88,13.12,17.56,0,1,0,1,0,0,0,0
0.2,1,1,58.2802,106.808,154.0402,116.28,190,326,286,168,9,16,24,20,40,84,76,44,2.9657,6.2684,7.002,5.0388,58.2802,106.808,154.0402,116.28,190,326,286,168,9,16,24,20,40,84,76,44,2.9657,6.2684,7.002,5.0388,11.8336,8.772,18.0256,16.34,64,48,64,56,1,2,2,1,3,4,5,0.5329,0.5621,0.8176,0.8322,11.8336,8.772,18.0256,16.34,64,48,64,56,1,2,2,1,3,4,5,0.5329,0.5621,0.8176,0.8322,3.6481,39.4224,29.223,60.0504,784,1344,1008,1344,6,12,72,108,144,1.4641,5.2998,5.5902,8.1312,353.3293,719.6928,1337.6952,1344.1008,1924,4644,5652,6576,55,108,186,204,294,684,840,972,19.2583,48.21,69.1794,80.2212,0.89,1.64,2.13,2,8,9,-2,-2,-3,-0.04,0.34,0.32,0.89,1.64,2.13,2,8,9,-2,-2,-3,-0.04,0.34,0.32,-9.18,-3.84,-8.52,120,132,288,24,18,48,2.88,2.64,7.8,1,0,0,0,0,0,0,1
0.2,1,1,57.3507,122.057,173.8852,125.268,210,458,514,108,9,18,26,22,44,102,122,50,3.4513,8.0702,10.3058,5.3354,57.3507,122.057,173.8852,125.268,210,458,514,108,9,18,26,22,44,102,122,50,3.4513,8.0702,10.3058,5.3354,9.2416,15.504,30.3696,13.376,49,84,105,14,2,4,2,4,12,16,4,0.5625,1.155,1.695,0.555,9.2416,15.504,30.3696,13.376,49,84,105,14,2,4,2,4,12,16,4,0.5625,1.155,1.695,0.555,3.5344,34.2912,57.528,112.6872,729,1134,1944,2430,12,24,108,216,288,1.5876,5.67,11.6424,17.0856,347.6386,800.9244,1435.6152,1907.2224,1989,5016,8442,10548,55,120,210,300,330,900,1530,1980,22.2954,59.7612,101.9946,135.4836,0.98,2.17,1.68,2,13,12,-2,0,2,-0.04,0.74,0.76,0.98,2.17,1.68,2,13,12,-2,0,2,-0.04,0.74,0.76,-6.96,-8.04,-14.82,120,252,558,18,36,96,3.06,5.88,16.68,1,0,0,0,0,0,1,0
0.2,1,1,36.7666,62.169,78.204,40.128,124,192,126,42,6,10,14,6,24,44,26,6,2.159,4.0502,3.6858,1.665,36.7666,62.169,78.204,40.128,124,192,126,42,6,10,14,6,24,44,26,6,2.159,4.0502,3.6858,1.665,9.2416,7.752,7.752,20.064,49,42,42,21,1,1,3,1,2,4,3,0.5625,0.5775,0.5775,0.8325,9.2416,7.752,7.752,20.064,49,42,42,21,1,1,3,1,2,4,3,0.5625,0.5775,0.5775,0.8325,2.7556,30.2784,25.398,25.398,576,1008,864,864,6,6,72,72,144,1.6129,5.715,5.8674,5.8674,223.3552,433.5708,797.268,756.684,1320,3168,3954,4500,37,72,126,108,198,432,468,600,14.5669,35.7312,50.7246,56.3748,0.49,0.49,2.52,1,1,18,-1,-3,0,-0.02,-0.02,1.14,0.49,0.49,2.52,1,1,18,-1,-3,0,-0.02,-0.02,1.14,-8.28,-5.34,-5.34,102,108,108,24,24,12,3.12,3,3,0,1,1,0,0,0,0,0
0.2,1,1,9.9856,0,0,0,289,0,0,0,1,0,0,0,0,0,0,0,0.9801,0,0,0,76.5636,163.863,308.007,311.344,216,504,624,232,13,26,50,56,76,192,248,136,3.9997,10.3642,15.8994,12.284,9.9856,0,0,0,289,0,0,0,0,0,0,0,0,0,0,0.9801,0,0,0,11.8336,17.544,47.816,30.272,64,96,128,32,2,6,4,4,16,24,8,0.5329,1.1242,2.2046,1.0804,2.7556,33.3328,33.864,92.296,576,1584,1152,1536,8,24,84,192,288,1.6129,6.223,7.8232,15.3416,328.9812,722.1176,1635.6568,2108.88,2018,5184,8322,9568,55,116,246,352,362,1000,1630,1856,19.5719,53.9028,99.1622,131.1936,0,0,0,0,0,0,0,0,0,0,0,0,1.78,6.74,4.96,4,32,28,-4,0,4,-0.08,1.36,1.44,-10.12,-7.12,-15.76,78,144,512,22,16,96,2.72,4,18.4,0,1,1,0,0,0,0,0
0.2,1,1,101.6441,226.593,348.46,403.894,380,900,1204,1114,17,36,56,68,92,228,320,318,6.8569,16.9708,24.4872,25.5048,22.4005,28.662,15.6864,0,341,276,224,0,3,4,2,0,6,8,2,0,2.1958,2.7258,1.53,0,9.2416,15.504,28.88,22.192,49,84,98,91,2,4,3,4,12,16,14,0.5625,1.155,1.71,1.4325,9.2416,7.752,7.8432,0,49,42,112,0,1,1,0,1,2,1,0,0.5625,0.5775,0.765,0,2.7556,30.2784,33.864,48.6712,576,1008,1152,2208,8,12,84,120,120,1.6129,5.715,7.8232,10.9728,295.6458,628.3908,1104.6416,1525.2904,2700,4920,7078,10004,47,100,166,240,266,696,1090,1360,24.1099,56.2748,87.6158,119.1552,0.98,2.66,1.82,2,14,8,-2,0,-1,-0.04,0.72,0.34,0.49,0.46,0,1,-9,0,-1,0,0,-0.02,-0.27,0,-8.28,-7.12,-9.4,102,144,196,22,28,52,3.12,4,6.6,1,0,0,1,0,0,0,0
0.2,1,4,9.9856,0,0,0,289,0,0,0,1,0,0,0,0,0,0,0,0.9801,0,0,0,359.4528,843.744,1379.2096,1653.3,1560,3840,5968,6456,56,128,208,256,336,864,1312,1392,25.6632,65.5424,102.632,114.9664,9.9856,0,0,0,289,0,0,0,0,0,0,0,0,0,0,0.9801,0,0,0,9.2416,15.504,33.9872,31.008,49,84,182,168,2,4,4,4,12,20,24,0.5625,1.155,2.28,2.31,3.5344,34.7424,38.352,61.2128,729,1674,1296,2052,8,12,84,144,192,1.5876,6.2748,7.7616,11.5416,382.9584,913.2288,1740.4864,2281.6456,2867,7188,11630,15168,59,140,254,344,394,1080,1838,2256,29.211,78.092,138.7454,180.9232,0,0,0,0,0,0,0,0,0,0,0,0,0.98,0.98,1.96,2,2,4,-2,-2,-4,-0.04,-0.04,-0.08,-7.2,-5.36,-10,100,168,248,22,24,40,2.58,3.92,5.96,0,1,0,0,0,1,0,0
0.2,1,4,9.9856,0,0,0,289,0,0,0,1,0,0,0,0,0,0,0,0.9801,0,0,0,218.1514,479.966,871.918,1163.2784,580,1400,1732,1796,38,76,144,204,220,568,756,820,11.4646,29.9708,46.2064,54.422,9.9856,0,0,0,289,0,0,0,0,0,0,0,0,0,0,0.9801,0,0,0,9.2416,22.192,42.256,43.7456,49,91,112,119,3,6,6,9,27,36,33,0.5625,1.4325,2.265,2.25,3.5344,34.7424,54.896,75.764,729,1674,1404,756,12,18,108,216,144,1.5876,6.2748,9.6264,9.3996,241.657,549.4508,1266.2828,2055.504,1887,4748,7610,8160,41,88,198,340,286,856,1542,1888,15.0124,42.5204,86.0494,126.3656,0,0,0,0,0,0,0,0,0,0,0,0,1.82,4.34,3.85,8,26,25,0,6,7,0.34,1.48,1.5,-7.2,-6.64,-6.46,100,272,458,18,36,84,2.58,7.48,15.22,0,1,0,0,0,1,0,0
0.2,1,1,107.4663,213.259,315.6832,369.401,435,856,1186,1112,16,32,48,58,80,192,256,250,6.6,15.0932,21.0824,22.3706,21.5136,30.272,9.68,0,66,32,2,0,3,4,2,0,6,8,2,0,0.8067,1.0804,0.2738,0,11.8336,8.772,20.6056,17.544,64,48,112,96,1,2,2,1,3,4,6,0.5329,0.5621,1.095,1.1242,11.8336,15.136,0,0,64,16,0,0,2,0,0,4,4,0,0,0.5329,0.5402,0,0,3.5344,38.8032,42.676,22.5224,729,1296,540,756,10,4,96,84,48,1.5876,5.5188,5.67,3.78,304.5214,625.2124,1110.4464,1564.7268,1863,4432,5380,5336,45,92,154,224,246,636,916,996,18.0144,45.5456,70.587,85.1512,0.89,0.89,1.78,2,2,4,-2,-2,-4,-0.04,-0.04,-0.08,2.48,0,0,14,0,0,2,0,0,0.72,0,0,-9.36,-3.9,-4.46,114,250,80,20,46,16,3.18,8.1,2.04,1,0,0,0,0,0,1,0
0.2,1,1,9.9856,0,0,0,289,0,0,0,1,0,0,0,0,0,0,0,0.9801,0,0,0,65.9541,139.128,199.54,196.746,234,516,580,360,11,22,32,34,54,126,152,112,4.2115,9.9022,12.7216,10.2902,9.9856,0,0,0,289,0,0,0,0,0,0,0,0,0,0,0.9801,0,0,0,9.2416,15.504,28.88,21.128,49,84,98,56,2,4,3,4,12,16,10,0.5625,1.155,1.71,1.1325,3.3489,33.8184,37.332,69.54,676,1612,1248,1456,8,16,84,144,192,1.5625,6.225,7.7,11.4,287.1365,624.1488,1157.3968,1556.016,2190,5288,7886,9632,47,100,174,248,274,720,1118,1400,20.3687,52.0588,86.8766,116.0744,0,0,0,0,0,0,0,0,0,0,0,0,0.98,2.66,2.17,2,14,13,-2,0,1,-0.04,0.72,0.74,-7.5,-5.76,-8.72,94,160,360,22,24,64,2.52,3.84,10.88,1,0,0,0,0,1,0,0
0.2,1,4,65.9541,139.128,199.54,196.746,234,516,580,360,11,22,32,34,54,126,152,112,4.2115,9.9022,12.7216,10.2902,359.4528,843.744,1379.2096,1653.3,1560,3840,5968,6456,56,128,208,256,336,864,1312,1392,25.6632,65.5424,102.632,114.9664,9.2416,15.504,28.88,21.128,49,84,98,56,2,4,3,4,12,16,10,0.5625,1.155,1.71,1.1325,9.2416,15.504,33.9872,31.008,49,84,182,168,2,4,4,4,12,20,24,0.5625,1.155,2.28,2.31,3.3489,33.3792,55.998,94.3548,676,1092,1872,2704,12,20,108,216,288,1.5625,5.625,11.55,17.15,494.7099,1188.7584,2167.5336,3041.7096,2704,7056,12342,16952,79,184,326,468,510,1404,2430,3244,35.6487,96.5968,168.0502,229.9068,0.98,2.66,2.17,2,14,13,-2,0,1,-0.04,0.72,0.74,0.98,0.98,1.96,2,2,4,-2,-2,-4,-0.04,-0.04,-0.08,-7.26,-8.64,-14.96,114,240,416,18,36,72,3,5.76,11.28,1,0,0,0,0,1,0,0
