-0.01561922980435341, -0.7408231038477298, -0.43079631757006764, -0.6088802015662451, -0.9642660655134135, -1.0037470817617316
0.8920191135190095, -0.1555928622736027, 0.3211646282700178, 0.10086584848116568, 0.9187225735236791, 0.07169122923391019
0.5504734316149587, 0.5237577228242556, -0.05481584465002491, 0.6877582890468483, 0.4226428407862321, 0.5758749194893555
-2.2232602734630107, -0.5202410258258474, 3.7049888845504024, -0.8665489755514602, 0.11261051285699102, -0.4898830767104993
-0.023309753612348598, -0.8217414573994215, -0.43079631757006764, -1.1393667424613527, -0.7396573793609049, -0.8059564922610248
-0.5001174219590625, -0.6221212160732885, -0.43079631757006764, -0.7404371662695618, -0.7285400338573296, -0.8219840970875059
2.0960775208587306, 1.2023382198737291, 0.3211646282700178, 1.6201691895982386, 1.0716879239790442, 1.3060649740253782
2.1095640542194456, 1.1798719617629487, 0.3211646282700178, 1.5767039275250785, 1.0966360844428304, 1.3239423990296706
-0.02568960297032353, -0.7950095300235756, -0.43079631757006764, -1.1522377020486985, -0.7388819646002818, -0.9964457036974668
2.2981436368779575, 1.2608052058565957, 0.3211646282700178, 1.7126008591174944, 1.284569750566722, 1.7607832792984062
0.13225850080446142, -0.6377318987041716, -0.43079631757006764, 0.3188327232751727, -0.3068479356018919, -0.45406051456125884
-0.2689314287039246, 1.0284244435794372, -0.05481584465002491, 0.9527172870260544, 1.0386610713460007, 1.135640789595902
-0.36581842866958425, -0.5494581417395298, -0.43079631757006764, -1.2900264112032889, -0.7099316909936142, -0.7904518519426067
0.8707943566792308, 0.8066378885855127, 0.3211646282700178, 1.065876176624742, 0.676172322821991, 1.3703092005838096
-0.8618928420136236, 0.12479047756208346, 0.6971451011900606, 0.2634016312961586, 0.44741276702205957, -0.03648101613935863
0.19738095779069822, 1.3420489500310893, -0.05481584465002491, 1.0898337338613335, 0.9280267386457747, 1.181174345950601
-0.2701394579241159, -0.5264390822465781, -0.43079631757006764, -0.7576990867480782, -0.7278440016905566, -0.4673049509984353
-0.8454305810006089, 0.017051941042338318, 0.6971451011900606, 0.05202547835504821, 0.5064095691432503, 0.2759917244272958
-1.3653747047699711, -0.2427000765049003, 0.6971451011900606, -0.22157431415537263, 0.5920621457409466, -0.22042450019746743
-0.2016192081240558, -0.5175636358125585, -0.43079631757006764, -0.7129746735169861, -0.5296097039628012, -0.6391223357988516
-0.0030605067660214665, 1.009339839899716, 0.3211646282700178, 0.16795087167897313, 0.8810959456703862, 1.2376235890396592
0.24000960586748735, -0.16637839225352336, -0.43079631757006764, 1.6137020916047773, -0.3983168913174989, -0.5176073548212178
0.31155457041470386, 1.1161401004852516, 0.3211646282700178, 1.3166660506289014, 1.1768427119165155, 1.6454808535751484
-0.07326267900492091, 1.2292011977350774, -0.05481584465002491, 0.7774892664112423, 1.251096072300443, 1.4943959884768194
2.1353587430585796, 1.2929845264295097, 0.3211646282700178, 1.7932346725664863, 1.3571652054512249, 1.6178113313282985
-0.31261049363954335, -1.0152575662810222, -0.43079631757006764, -0.8597024589271957, -1.1680173577197517, -0.9054687266676396
-0.0782020123194753, -1.0060182900084207, -0.43079631757006764, -0.7651315381381187, -0.8908589036154854, -0.9922369672808646
-0.1492459341331653, -0.8617990452113021, -0.43079631757006764, -1.1236942679589255, -0.7976484990888844, -0.9845555544527221
-0.6854362602315637, 0.520070513501865, 3.32900841163036, 0.20689856991783442, -0.9430053996339951, -0.12343851337315208
-0.312863915269155, -0.8821111791821767, -0.43079631757006764, -1.2365057545528448, -0.8186496413450515, -1.0698727801791714
1.0244709923304547, 1.951112686828512, -0.05481584465002491, 1.6370318033236595, 1.5787208525352319, 2.13176517915261
1.2140830727893102, 0.6623456975534632, -0.05481584465002491, 1.2317843305775027, 2.451070667436495, 0.8382792706533213
1.3679204861867391, 1.3708396623089092, 0.3211646282700178, 1.4516163305822725, 1.23817177490003, 1.3834555477895722
-0.45463058924088995, -0.6043458370024319, -0.43079631757006764, -0.9140720428689059, -0.7025332771989844, -0.5678842151384689
-0.3036720342690154, 0.06074064845122491, -0.05481584465002491, 0.36259485579197553, 0.027397651226047152, 0.09283440323502329
-0.07906742553468714, -0.6892845084009308, -0.43079631757006764, -0.9132663714322974, -0.8626203210937546, -1.003643566525894
-1.1646690719251889, -1.2094043300735287, -0.43079631757006764, -0.12928650061466998, -1.0547782220604656, -0.9905590630693172
-0.9384419634081955, 1.168064934317327, -0.05481584465002491, 0.36139275126820863, -0.7153782797897401, 1.3872314113311437
0.2661838185943772, -0.6647063993295806, -0.05481584465002491, -0.6357862364732674, 2.729921360409955, -0.6657243968079017
-0.20090971002494282, -0.6448257499699954, -0.43079631757006764, -0.49164461907980617, -0.5700361246386682, -0.6464065396084253
-2.252988488875203, -1.0117271393982417, -0.43079631757006764, 0.49656966490576515, -1.0825886982083024, -0.8297165555609086
-0.19643744231147217, -0.634612977360355, -0.43079631757006764, -0.4109124071683543, -0.5996055629964886, -0.47732543865331795
-1.6209308059570409, -0.48392244392098577, 3.7049888845504024, -0.7888140247558799, 0.11178257530690776, -0.58108719959656
0.16982246368744097, -0.40881208255296475, -0.43079631757006764, 0.5069841921510388, -0.6754880453957987, -0.4643342640266348
-0.28681865219326913, -0.5040672020190848, -0.43079631757006764, -1.2508172742148815, -0.7318874994412105, -0.5573911037621748
-0.028199849557868386, -0.7949815304283039, -0.43079631757006764, -1.1511467553080996, -1.0240096318535923, -0.6807977584702956
-0.11693575271781513, -0.38759088737345915, -0.43079631757006764, -0.22143468867894334, -0.5116371737314679, -0.5067813817786264
2.102894037481418, 1.2005641558862774, 0.3211646282700178, 1.6186435768153935, 1.0708346247300344, 1.3171391374820227
-0.06837839673087132, -0.566676127577648, -0.43079631757006764, -0.6118854055050061, -0.47689037183175476, -0.4123815035762978
0.41380142185749086, -0.41073047761695636, -0.43079631757006764, 0.8750008036294765, -0.31814448113557, -0.21869199512260765
-0.511889541245934, 1.0858407270518646, -0.05481584465002491, 0.6002129954463369, -0.008710053108371115, 0.11094721018095763
-1.9104520025393728, 0.3472754167142764, 0.3211646282700178, -0.22016029741423668, 0.45920536424857616, 0.6162647169268898
0.20768938506486792, 1.042187189931115, -0.05481584465002491, 1.0936885053326957, 1.2334098554436965, 1.3371349324917197
-2.380176840287056, -0.8780965986170485, -0.43079631757006764, 0.4205910909942251, -1.0564410184405413, -0.7400418008244279
2.101352305015749, 1.2007318356283436, 0.3211646282700178, 1.6232262701337192, 1.065396669528353, 1.3200834615837125
0.05044597339838772, 1.6820996406166728, 0.3211646282700178, 0.5312733781183296, 1.5269239330955284, 1.09027483202562
2.1025029510142463, 1.181156155661691, 0.3211646282700178, 1.5810958065409164, 1.1009778472495098, 1.3223066012399887
-0.0849422822416298, -0.9710652120139159, -0.43079631757006764, -0.8896894179989383, -0.7433105057248208, -1.027793182805298
-0.08187637571377139, -0.8240762799399814, -0.43079631757006764, -1.128800570396604, -1.044090217652597, -0.68596693899491
-0.025851906911418508, -0.8084726871154271, -0.43079631757006764, -0.762565399573748, -1.0359500276497746, -0.9985945410001773
-0.08273317458088444, -0.7847887549628738, -0.43079631757006764, -0.9594300126301627, -0.7427275480791922, -0.9871975271373169
-0.9271070461014708, 0.11658980300703896, 0.6971451011900606, 0.19561441325262605, 0.41556185649414173, -0.09413169039287429
2.0809223397358574, 1.223819275593128, 0.3211646282700178, 1.6111646208744044, 1.0750881789387365, 1.2954150735258458
-0.20234787021841702, -0.5113783940147342, -0.43079631757006764, -0.7143862804870516, -0.7023771426424269, -0.45225717818916683
-0.20472772679880308, -0.5144086812388742, -0.43079631757006764, -0.715356438069309, -0.7008649259861658, -0.451949653335463
0.21045657847241914, 1.2295730110794714, -0.05481584465002491, 1.087469552169046, 0.9817040416723217, 1.1523807470774983
-0.4469200089694706, -0.6503198751475289, -0.43079631757006764, -0.8889775140611986, -0.8565986267226104, -0.5663086459610142
-0.2599789015922167, -0.6774327880310823, -0.43079631757006764, -0.5651392023394624, -0.543098673097388, -0.5165922698372126
0.9686370649594215, 1.4505410990215863, -0.05481584465002491, 1.1950519320268695, -0.3921862915898783, 1.7155951409850354
-0.5924207412427256, -0.7761323553845381, -0.43079631757006764, -0.8845010437240013, -0.7794117024981672, -0.9376057025193996
-0.2880333600096951, -1.6001776408145323, -0.43079631757006764, -0.9798075345068007, -0.790920954569821, -1.4214805953450214
-0.07991872612801364, -0.9741915665167884, -0.43079631757006764, -0.8769112128256349, -0.7416007857259223, -1.0260185990979385
2.0948012956466022, 1.2174380620713694, 0.3211646282700178, 1.5850355328874712, 1.070883599136406, 1.3046692148842571
-0.02565051725609979, -0.6834872268325284, -0.43079631757006764, -1.1241370535601554, -0.8752644681743793, -1.021717195329385
1.51097191311172, 1.61065591050752, -0.05481584465002491, 2.443413173054231, 1.5832598517486025, 1.8641577910929872
0.2962114357896024, 1.5022637991115515, -0.05481584465002491, 0.9781439456345128, 1.274927842607556, 1.5229524556852199
-0.0851748595198547, -0.810525997510929, -0.43079631757006764, -1.1383723114405946, -0.7435125308667245, -0.8283348099666955
-0.08420699392422232, -0.8078119903689799, -0.43079631757006764, -1.1379225815266891, -0.7447109008975262, -0.8208064908581955
2.073220019621792, 1.1969459894060084, 0.3211646282700178, 1.5892095567889015, 1.1024352105110824, 1.2935455866242591
-0.41629213336149573, 0.13978403612209053, 0.6971451011900606, 0.5086265157867953, 0.6614271727506138, 0.12450946632358983
0.9900425374185414, 2.0993607124195157, -0.05481584465002491, 2.4378907809919523, 1.9818955248077081, 2.277049460878512
0.3661917015574154, 1.4585117563057017, -0.05481584465002491, -0.8051823523750917, 1.16153297034829, -0.7370776533320554
0.8488324514856423, 1.9794991250512501, -0.05481584465002491, -0.7247655138132107, 1.5782320848427385, 1.854505119601927
-1.6440308328257847, -1.0605467724161295, -0.43079631757006764, 0.3368349317328329, -0.6133843275356514, -1.2424862917569335
-0.4179443405615964, -1.3807724344526493, -0.43079631757006764, -1.6917581792064442, -1.1064936275721562, -1.314664115678209
-0.30863340311898557, -1.1010852311202288, -0.43079631757006764, -0.8556362621338301, -1.0300248934806102, -1.1583847423153735
-0.022412880221304218, -0.984394149419513, -0.43079631757006764, -1.1553651382483243, -0.7378525219682139, -0.8012092740499414
-0.19945563415881443, -0.5168100935209632, -0.43079631757006764, -0.7136458484612253, -0.5295919607475799, -0.5023016329496036
2.078615014371435, 1.1950630183549777, 0.3211646282700178, 1.5968566450787156, 1.0941268940743591, 1.298938222720147
0.9813502372580306, 2.7639467599331002, -0.05481584465002491, 1.0688722153116972, 2.6546198622299624, 0.7561317266455565
-0.4541230706113152, -0.6942058586501754, -0.43079631757006764, -1.0568842545823798, -0.7478934985968063, -1.2406042877441512
-0.3981725804118953, -0.9308027584072042, -0.43079631757006764, -0.5937165285748404, -0.6899537682921614, -1.0378022355266772
0.21841248116743622, 1.3901004853259822, -0.05481584465002491, 1.3665911602447103, 1.3400463666666316, 1.4275468453280544
0.8961011784823476, 1.0022192784566861, 0.3211646282700178, 1.1245346232454414, 1.0343587272766297, 1.2921735962690908
-0.06728386862416615, -0.4140133234543208, -0.43079631757006764, -0.4447014677434023, -0.4777965083089126, -0.5540178283394984
-0.030946367720873152, -0.7878559911040396, -0.43079631757006764, -1.1506140085016023, -0.8724296499117674, -0.6814530526682705
-0.029196333593058534, -0.978568168590135, -0.43079631757006764, -0.7606866393499301, -0.8359622785705169, -1.0172411252737408
-0.087735003389984, -0.9926529498586132, -0.43079631757006764, -0.5100013432418768, -1.2223596413574571, -0.5982619337869577
-1.955393557935691, -0.6391243943077307, 10.472637397111171, -1.0349861440892814, 0.21683772053026854, -0.9180346381236215
-0.06079323397772375, -0.9986791021772132, -0.43079631757006764, -0.9410851737255586, -1.0421274550607718, -0.8326812934525206
-0.08320764319403733, -1.000772490399174, -0.43079631757006764, -0.9431907110441166, -0.742729337523432, -0.9943804321971896
-0.02097052827813133, -0.815697644064266, -0.43079631757006764, -0.9139327416499561, -0.7388438368913355, -1.0133364768812023
2.0952664885367533, 1.1872155129476745, 0.3211646282700178, 1.5713409120488133, 1.098452055689022, 1.316011939801178
-0.302262313380978, -1.103606620867032, -0.43079631757006764, -1.136765069886445, -0.810895263208884, -0.9238634965688026
-0.08406511161147949, -0.9823214515163943, -0.43079631757006764, -0.8996111463151384, -0.7428844305279337, -1.0170170826417042
1.5240107982222977, 1.3256818640512882, 0.3211646282700178, 1.552377896784746, 1.2466193783407822, 1.6473969212967454
2.0737755980172143, 1.1734993296941985, 0.3211646282700178, 1.6157208025463472, 1.080029176127001, 1.3222521562553038
-0.027108848577911713, -0.8050599049623254, -0.43079631757006764, -1.1449486015152652, -1.0323167018319508, -0.8167213731162573
-0.02929925449246078, -0.7859941271256664, -0.43079631757006764, -1.155135012136187, -0.7389991045456622, -0.9935347924471393
-0.02107538014885123, -0.7896472188984472, -0.43079631757006764, -0.9426889097729146, -0.736696820813755, -0.9978875066268116
0.4182597604632356, -0.7916742193924797, -0.43079631757006764, -0.6109296455206297, 0.03532300669652609, -1.0003994403916008
-0.33575144314122424, -0.4421853839510512, -0.43079631757006764, -0.4573933454798806, -0.5047116753168226, -0.5793222703902636
-0.494508715109292, -0.638352604861361, -0.43079631757006764, -0.7464081068878607, -0.8705357024928246, -0.6074383656157621
-0.1890767916107761, -0.637280171182134, -0.43079631757006764, -0.41067440057005294, -0.6023350109945763, -0.477968597168496
0.08650144084290849, -0.7096566101874748, -0.43079631757006764, -1.015832345527982, -0.6946876861228929, -0.6379631931659016
-0.01794202004612893, -0.801254614095375, -0.43079631757006764, -0.9319235368194115, -0.7364654550564412, -1.0040476792735544
2.1013437543736506, 1.1867635114407542, 0.3211646282700178, 1.574061081878907, 1.1015021563282255, 1.3154732842358654
-0.433057349586622, -0.764223923407071, -0.43079631757006764, -0.9834256580637428, -0.6269705713211822, -0.6657561910335575
-0.02805185265316708, -0.826212918027954, -0.43079631757006764, -0.8900406313937917, -1.0236936863253376, -1.018292087449998
0.24846500790454942, 0.5352249581407859, 0.6971451011900606, 0.7592518185770482, 1.9092003087104872, 0.6255573462783997
-0.3119212181805868, -1.0731135122863997, -0.43079631757006764, -1.3187095221903078, -0.9305359595491328, -1.0608082005136446
-0.7928344982702082, -0.689829726230241, -0.05481584465002491, 0.7869961390862017, -0.7426312182495994, 0.5516103377131983
-0.023239889731840012, -0.9991819132075771, -0.43079631757006764, -1.1347992465511578, -0.738564011648394, -0.8001996361615202
-0.11300145821046809, 0.5692564443421407, 0.3211646282700178, 0.42065989537498305, 0.6302201460150373, 1.3015228295752814
0.0960515311818814, 0.36245493486660224, 0.6971451011900606, 0.7184317657725333, 1.0089853560907467, 0.44763971799770036
-2.784910753206648, -0.9442830487435057, -0.43079631757006764, 0.625528846531266, -0.880703202660555, -0.6979912474211539
-0.5008664817188941, -0.6203283131766933, -0.43079631757006764, -0.6945686830677854, -0.7294048852111806, -0.8226622848813586
-0.46093096874850314, -0.6458169762306962, -0.43079631757006764, -0.6630157393648975, -0.6375653910227872, -0.7942182594020993
-0.025171229387284718, -1.0049113617201497, -0.43079631757006764, -1.1261244244059798, -0.7370468903361087, -0.7944281300700174
-1.3380962612362186, -1.1270082839919875, -0.43079631757006764, 0.502189968394369, -0.9487114092363472, -0.8726026024355488
-0.02209544379953806, -0.8065301138641419, -0.43079631757006764, -1.140175177284155, -0.7388623394518031, -0.8129768882310503
0.18424851693104194, -0.8393995666995405, -0.43079631757006764, 0.6378353128435885, -0.7162306711435201, -0.8936181609397179
-0.06847070861000079, -0.8287477125767936, -0.43079631757006764, -0.7570280815294581, -0.8824834058768812, -1.0175986138443345
-0.024891908963010485, 0.4737241132059746, 3.7049888845504024, 0.43212429079785897, 0.8164158057676899, -0.04208376572808582
-0.08156861042765594, -1.002547907424142, -0.43079631757006764, -0.7656414285462619, -1.027459224495035, -0.83866533076868
-0.2436004296301648, -0.48193227281222184, -0.43079631757006764, -0.5654002832828654, -0.9588538465051281, -0.5414884987028467
0.26691505392348697, -0.9768726263953204, -0.43079631757006764, 0.68763464725926, -0.8342662217402632, -0.8298481698672714
-1.148294637413039, -1.0754584709275163, -0.43079631757006764, -0.09980615832093778, -0.6583373694589105, -0.9094584273312911
1.492886496750967, 0.7533322968782011, 0.3211646282700178, 1.0651060794017286, 0.6213051825513976, 1.38396982979425
-0.672207245069348, -0.037732564467260955, 0.6971451011900606, -0.21706179086262034, 0.3113632133989805, -0.09694413522501924
-1.2537976803472077, -0.7969214840396662, -0.43079631757006764, 0.4438718681291433, -0.9801426363042255, -0.9067766233986866
-0.015185953451471933, -0.8134583328211475, -0.43079631757006764, -1.1477116364725652, -0.7355647763335619, -1.0026051552994857
-0.011527992277797747, -0.7414589397025299, -0.43079631757006764, -0.6099454884605953, -0.9577842346788231, -1.0070176280386838
-0.0052514893416972805, -0.9841849519049604, -0.43079631757006764, -1.1120663090622491, -0.8115983275997586, -0.8134391270138466
1.3495407322273716, 1.2883883132450695, -0.05481584465002491, 1.575248463837033, 1.6461739297212397, 1.5359924148645239
-0.0002641624434088741, 1.1385672249250154, -0.05481584465002491, 0.8659490309474877, 1.0128562879384788, 1.1571437303877117
2.0780653145983994, 1.2192289407735117, 0.3211646282700178, 1.6194676582280472, 1.078046625791214, 1.29995881719086
0.9827637756706809, 0.939680308434124, 0.3211646282700178, 1.2580232324738911, 0.9145210370303418, 1.2279388288051702
-0.07711752062575936, -0.9760615183175296, -0.43079631757006764, -0.7634109868435728, -0.8400533544927761, -1.024078797367652
0.5053149232820994, -0.6195691824862437, -0.43079631757006764, 0.11113904159261467, -0.24946260537639497, -0.10610217047875252
0.3135985854693232, 2.94949459945292, -0.05481584465002491, -0.6025881512627113, 2.83120783841853, -0.6204543284850775
-0.298855641565069, 0.06010065184002813, -0.05481584465002491, 0.3585115588880529, 0.028388461945482214, 0.09261402557755638
0.18842862734283544, -0.6097417857911218, -0.43079631757006764, 1.4075395169105596, -0.9536386699002153, -0.7535068315132327
-0.46172945904367685, -0.6059413981408248, -0.43079631757006764, -0.9079692612614869, -0.8396036352359472, -0.5681717669461973
2.104337336478453, 1.187888842328677, 0.3211646282700178, 1.5728954941008413, 1.0844333052883102, 1.3205471339786417
0.7294445609589052, 2.299499142385935, -0.05481584465002491, 1.2248254837738564, 2.265720403352163, 2.3906081502115732
0.9825125851292973, 1.1156685804772515, 0.3211646282700178, 1.1502845738084533, 0.903459078375551, 1.1420897619522326
0.00802245478763814, 1.4042814266186028, 0.3211646282700178, 1.363557657599764, 1.0884042251426846, 1.3789336397441907
-0.803372071720545, 0.9595635340947257, 0.3211646282700178, 0.1969178387826205, 0.5398407348802317, 0.7322849284800603
0.21015009632588375, 0.46491697244476426, -0.43079631757006764, -0.8502944309723957, -0.8971238539456581, -0.6318791092684609
-0.027213680819715542, -0.9829503744773046, -0.43079631757006764, -0.9080107422986207, -0.7391944683579719, -1.007697429740319
0.16502855314793338, -0.9486983033739806, -0.43079631757006764, 0.3419771463319593, -0.7593123580189793, -0.7953974977539342
-0.06792149978288445, -0.5666036297304854, -0.43079631757006764, -0.4449112364298825, -0.6236853654511056, -0.39120563450406
-0.16082626774913403, 1.0217115423185716, 0.3211646282700178, 0.8345874656685798, 0.8470554997943895, 0.8385773991065621
0.36148966281238026, -0.80413025458119, -0.43079631757006764, 1.5769137711463401, -0.6323733590198006, -0.4187464750230549
-0.4570475854029492, -0.8070493591216826, -0.43079631757006764, -0.628757091574115, -0.8387250789946533, -0.643571713069689
-0.9742915855925337, -0.7823377932059025, -0.43079631757006764, 0.7218432620752503, -0.9919631212304382, -0.7414173392174247
0.9408070393771042, -0.2543354487112394, -0.05481584465002491, 0.9202397704406983, -0.5171584551468698, 0.5483424231778158
-0.30909330246518824, -1.0960422289758158, -0.43079631757006764, -1.0282921816068784, -0.814272478411827, -1.151647564716679
-0.4500362857294948, -0.6012211452324381, -0.43079631757006764, -0.6263363697063303, -0.8581009961727407, -0.790211773198567
-0.7080759901446996, 0.4047238686457976, 3.7049888845504024, -0.4901230837249969, 0.8096843620551162, -0.45460713215648463
0.34691118832948237, -0.6909468323251889, -0.43079631757006764, 0.3073867525933363, -0.7341808382117474, -0.8821170918675056
-0.45588550347300805, -0.6459084059784467, -0.43079631757006764, -0.8918538995221259, -0.6358660300505153, -0.8090809763140308
0.9915502710525843, 2.816540793167611, -0.05481584465002491, 0.9264298097107868, 2.601279937628257, 0.8826715962002476
-0.7398540624401746, -0.8364006551517883, -0.43079631757006764, 0.5622365529707289, -0.2392188828347583, -0.6843914597676253
-0.2715607575393343, -0.6762788319915037, -0.43079631757006764, -0.5701123935996738, -0.5459110294338648, -0.6769219646778409
-1.5135921549722244, -0.42764642608184567, 3.7049888845504024, -0.761249858946361, 0.20189019856547452, -0.617845666677767
0.5694691071624431, 1.0488543885375754, 0.3211646282700178, 1.3394788493294951, 0.18654344975661236, 1.131468963347345
-0.35662752773243583, -0.6318446584308997, -0.43079631757006764, 0.14649743340866167, -0.7337490360366227, -0.5582679516109299
-0.10033641418895423, -0.6523255535362146, -0.43079631757006764, -0.2129578108828667, -0.5735365654663496, -0.4349612745241111
-0.025996839277458654, -0.8110131086613158, -0.43079631757006764, -1.1360245430783547, -0.7383735591450982, -0.8033250215747846
0.8577050093891971, 0.5976700078824946, -0.05481584465002491, 0.9607252638611951, 0.4913094441019588, 0.5849027334695898
-0.06768715571065137, -0.565950382663391, -0.43079631757006764, -0.42164314782446033, -0.6236028204847971, -0.4120793937992661
-0.27905828929253157, 1.1183503192708406, 0.3211646282700178, 0.2677123015402184, 1.1574587000608023, 1.1560919992046927
0.23600619313826646, -0.6083955737827043, -0.43079631757006764, -0.42316881483623253, -0.81122451599189, -0.5359483336851237
0.9599761093135599, 2.048470065847008, -0.05481584465002491, 0.7896352985671131, 1.6971499383220368, 2.129907739768078
-0.16953207458005137, -0.6732008143163579, -0.43079631757006764, -2.0078369014830777, -1.0890793271437167, -0.9173441204841288
-0.11654490271684183, -0.5208387752671407, -0.43079631757006764, -0.22105077295922287, -0.7010035681436465, -0.3638445111540262
-0.03127373138183007, -0.8237421459301749, -0.43079631757006764, -0.8917410351292864, -1.0203891800724318, -1.0179558518642537
-0.4555137785624093, -0.6089612155659516, -0.43079631757006764, -0.6270350352123523, -0.8417298598538676, -0.634417752892559
-0.3079602033434119, -0.8901798350856441, -0.43079631757006764, -1.2635684845134043, -0.8147836733300872, -1.0385559449488784
-0.5058025877378983, 1.0340530520667848, 0.3211646282700178, 0.4354955597528191, 1.0033049735036825, 0.8649161174257465
-0.08651465174826531, -0.8251602021063558, -0.43079631757006764, -0.9121610813439931, -0.744512789233316, -1.0148055167796861
-0.13178354065785836, 0.7021372450589202, -0.05481584465002491, 0.33891585830613624, 1.1797389946673837, 1.614433406205011
1.2300895845624027, 2.0264707530920427, -0.05481584465002491, 1.1844577933263938, 1.5457340602996488, 1.8691440475745547
-0.2177785628987342, -0.7047758661721987, -0.43079631757006764, -0.5577113366193162, -0.5913002814994311, -0.48831188264525927
2.0920660041736605, 1.1910318458578912, 0.3211646282700178, 1.5698221137626942, 1.087112713855475, 1.3197109460279506
0.716838156182743, 1.331920416040881, 0.3211646282700178, 0.9571613653279943, 1.4754945276399765, 1.5791975966832235
-0.01904622790612966, -0.7956203028877539, -0.43079631757006764, -0.9398541321499233, -1.0351065349482376, -0.679739414042257
0.8543993714220194, 0.706088471390198, 0.3211646282700178, 1.5948852580295623, 0.5179177721381132, 1.223423707261151
-0.07927820078495099, -0.8224120106455352, -0.43079631757006764, -0.9116560931576452, -1.0293474756489867, -0.6859241613094373
2.094548414597372, 1.215274682616687, 0.3211646282700178, 1.6027164855478608, 1.062409748675809, 1.317116303064817
2.004890610237767, 1.5883667728200301, 0.3211646282700178, 1.889901483052431, 1.2236220738235237, 1.5219025691240953
0.37222492202257274, -0.22255430675733973, -0.05481584465002491, -0.13184914050596455, 1.5334983348359332, -0.0708873142357441
-1.6431529737808763, 0.19539241654839926, 3.7049888845504024, -0.21714903476664676, 0.5392333359292851, -0.7410529919805624
0.8815081547369439, -0.40742415000330806, 0.3211646282700178, 1.0487834389207995, -0.29647641478233755, 0.8935152793304828
0.06181066703174448, 0.6688750609923518, 0.3211646282700178, 1.0444230386987783, 0.10953786050587679, 0.7355979860594614
-0.05420709218204918, 1.3369339711034423, -0.05481584465002491, 0.7719037977818546, 1.0791573247718367, 1.4770655857319588
-0.5838054677329874, -0.887397406456662, -0.43079631757006764, -0.8123222610310367, -0.822455348690728, -0.9440978178189129
-0.925389435001756, -0.13441119214717678, 0.6971451011900606, 0.24391484811818953, 0.42136118264425426, 0.12721007706151538
-0.01946130947715566, -0.9931916735327454, -0.43079631757006764, -0.9259923162061764, -0.7389542354794977, -1.0029278794704874
-0.02138025929544168, -0.797038564322692, -0.43079631757006764, -0.7588092082390252, -0.8659697613893633, -1.001397341253085
-0.16858657509337613, -1.1085623117418888, -0.43079631757006764, -0.935579879597466, -1.2993044777042992, -1.098369573294796
0.550213550219387, -0.6533559413479983, -0.43079631757006764, 0.013390350855902226, -0.6936721869178037, -0.9003123170560985
-0.30504371169893707, -1.1337055007080954, -0.43079631757006764, -0.854257432899333, -1.0379686603071254, -1.1201086366694393
0.6371607485094883, 1.5218462340949384, -0.05481584465002491, 1.0062351793819362, 1.3294323821252871, 1.5690796663953883
0.07657702784413258, -0.9151739947515547, -0.43079631757006764, -0.8112022019440402, -0.42165809652564423, -0.9459942046196109
0.6801203209247253, 0.0019355227299647374, -0.05481584465002491, 0.6046205325825644, -0.28843613283939257, 1.3547642254987653
-0.12559693616981038, -0.45332374877198894, -0.43079631757006764, -0.6330247781132076, -0.639106537694708, -0.4115394906316382
-0.00793272656388924, -0.5451772301001688, -0.43079631757006764, -0.0650086297927794, -0.3273654164217902, -0.3283467805779865
0.5372449275241413, 1.091489466984378, -0.05481584465002491, 0.7026286813293035, 1.1146225284385611, -0.48277295612535054
1.2686942134293913, 0.9561750188268091, -0.05481584465002491, 1.3714818346420248, 0.8843489987947505, 1.241993107997309
0.026045298828304624, -0.9793698957608961, -0.43079631757006764, -0.8932268329130038, -0.731698197999136, -0.9669860674706575
0.07672686985416118, -0.753540769125126, -0.43079631757006764, 0.12681302839043374, -0.5613118117703182, -0.38953889938949376
-0.3032383369073621, -0.9446608555496562, -0.43079631757006764, -0.8518199898120836, -1.1717278564419549, -0.9491044681860076
0.1360459456162606, 1.1287072147970765, 0.3211646282700178, 0.5726597659108952, 0.8563249269056671, 1.1993897723781874
-0.4543733665685415, -0.6052058914838822, -0.43079631757006764, -0.9131131678583945, -0.8396116186266162, -0.5682748523007389
1.9366555892701571, 1.5209805713063802, 0.3211646282700178, 2.075663740560286, 1.6114818098100934, 1.5214995242735747
0.09278175431734746, -0.5380438499912193, -0.43079631757006764, -0.4969890307272962, 0.1518830028282759, -0.9475183115328533
-0.4511338560084502, -0.8073582316434702, -0.43079631757006764, -0.6607492917206347, -0.8394779639225852, -0.6400251954397917
1.983153463876308, 0.6010018292079601, 2.9530279387103167, 1.008394882510375, -0.3394020824152664, 1.5917966060779503
1.0493578700320536, 2.841854448802712, -0.05481584465002491, 1.031189801470499, 2.639199614228364, 0.9614398289658643
-4.476319184156846, -1.088958915496625, -0.43079631757006764, 0.38669747534909454, -0.9483499674686955, -1.0865299950615415
0.31765947259766747, 1.4065318706916405, -0.05481584465002491, 1.032439994901738, 1.255111309443203, 1.6961705523556359
-1.3662595472507075, -1.08430511009197, -0.43079631757006764, 0.031730393613718176, -0.7978663086237303, -0.8710950903996383
-0.45760803504295344, -0.7871805150725467, -0.43079631757006764, -0.7181398788298646, -0.6618762434005875, -0.5673564370224309
-0.07888678391193181, -0.9815585168700158, -0.43079631757006764, -0.7651877047746635, -0.8470933752671448, -1.023224864759378
-0.8639392003955662, -0.07715827419286415, 0.6971451011900606, 0.270555335239385, 0.44806473460716467, -0.0256333555398287
-0.7248112479226355, 1.0411863079034376, 0.3211646282700178, 0.5006613480499068, 0.3906528441044908, 0.6545565127879488
-0.0027246416946383823, 1.2320554561494526, -0.05481584465002491, 0.7786999811175815, 1.2182169460599621, 1.4436262631933976
1.4931926947393306, 1.1326840100154365, 0.3211646282700178, 1.6901202157570803, 0.6440488399012289, 1.2830117564942032
0.6595111327852241, 0.5201524759446631, -0.05481584465002491, 0.7081877365923064, 0.5001581415379263, 0.5226158616484555
-0.08627572786266366, -1.0060610413405064, -0.43079631757006764, -1.1279994555140642, -0.7447765104303589, -0.8281500813992886
1.5299801846779009, 1.5490075368112084, 0.3211646282700178, 1.6706800331513574, 1.1001518910191836, 1.3092591473247002
2.968268856878287, 1.5470957245498047, 0.3211646282700178, 1.9035027104583866, 1.2231480110435766, 1.5356282831007069
1.1529925296286505, 0.8068018033421288, -0.05481584465002491, 1.1707185413425172, 2.3952810808330645, 0.7675755546718372
-0.024394871478166873, -0.9975881713009066, -0.43079631757006764, -0.9040847304967019, -0.7384647613037869, -0.8184880670249244
1.4753326846068828, 1.4889376857194232, 0.3211646282700178, 1.9226041777716965, 1.2222466341848794, 1.6334483518753702
-0.18219209108319503, -0.9641225216007107, -0.43079631757006764, -0.9114385941774826, -0.8210434386867772, -0.6801464459136307
-0.38539356324617885, 0.13453303273985912, 0.6971451011900606, 0.5285216735814701, 0.8544813093973956, 0.15791731429134773
0.29682403554214404, 1.4167200539037592, -0.05481584465002491, 0.9945506194056499, 1.3730494568280345, 1.4874128439450058
-1.5400629887286845, -0.4291881248689896, 3.7049888845504024, -0.7678345990964607, 0.1716179160711874, -0.5975931028462818
0.1562498588650885, 1.447351828368157, -0.05481584465002491, 0.644723859133074, 1.3161306683798986, 0.6766696339718548
-0.41772220769705043, 0.05522643317911255, 0.6971451011900606, -0.05694358717518685, 0.5245789457817223, -0.08328024850847067
0.679890786254545, 1.2875035129329488, -0.05481584465002491, 1.2235058596920445, 1.5338930019190185, 1.5525688494605479
-0.03703470548762876, -0.723722446143766, -0.43079631757006764, -0.8623489246259759, -1.02003907090498, -0.9388242938532808
-0.6471083718442482, 0.7161056181808656, 0.3211646282700178, 1.0200027085485461, 0.4959575159411777, 0.7054264793911854
0.24610596576599347, -0.6793603306264353, -0.05481584465002491, -0.6510166105393208, 2.7338112201284184, -0.6560133035247313
-0.07968663816333897, 1.3595316345953101, -0.05481584465002491, 0.7582609580307488, 1.1195720196011205, 1.509969850970228
-0.18242592837806854, 1.7120492083969696, 0.3211646282700178, 0.4145793448296777, 1.5503475221006753, 0.8869621802676056
-0.20126315161093525, -0.6501551668057965, -0.43079631757006764, -0.5423966677106785, -0.7020104257394837, -0.45125204510063255
-5.4123756124146825, -1.0414518265293937, -0.43079631757006764, 0.5238189800018135, -0.7088388259466684, -0.7957719040536744
2.1048804781260357, 1.186699464275585, 0.3211646282700178, 1.5713403369610248, 1.0998228975074236, 1.3235141581083554
1.7402967870245212, 1.0330342899159801, 0.3211646282700178, 0.9081090912651142, 0.606032193683807, 1.1131824439404896
0.8454136116924851, 1.6948745951904811, -0.05481584465002491, -0.7247901275597874, 1.8352036579269273, 1.861114550895398
-0.19095566252001106, -0.5397902282504634, -0.43079631757006764, -0.40925633415957885, -0.5065860963555214, -0.6317208576103346
-0.07604143324289063, 1.3652091226719894, 0.3211646282700178, 0.46558601752305956, 1.2418155031429536, 1.1624021427937918
0.2903407077070188, 1.3535516915123678, -0.05481584465002491, 1.032869155724838, 1.166583153929421, 1.978336426028883
0.30065849167350434, 1.4083909989030896, -0.05481584465002491, 0.9883142787415852, 1.3748950568122387, 1.496944514467681
0.5003894629352178, 1.6323755271521903, -0.05481584465002491, 0.9960868585002245, 1.336958892060392, 2.428245350237344
-0.10913271912108412, -0.3869670132629405, -0.43079631757006764, -0.2174332137086709, -0.5773471071061227, -0.4278531245268482
0.9069222984125812, 2.1891160282913935, -0.05481584465002491, -0.4871982180757703, 2.241197601341248, 2.3456339371361827
0.9129582107965102, 2.151010175331912, -0.05481584465002491, -0.4813636527904355, 2.0120455416101946, 2.4305913369830674
-0.2730162476282575, 0.866244427572392, 0.3211646282700178, 0.4229924425616948, 0.9394363596070254, 1.2924652477548695
0.9824317835101286, 2.80235157322099, -0.05481584465002491, 0.893505728434305, 2.621772706028875, 0.9099734073859784
-0.3891458698537388, 0.14777306412885816, 0.6971451011900606, 0.5385618421042261, 0.8618322676723622, 0.15690707173714882
0.32025798543057, 1.38610472732858, -0.05481584465002491, 1.03165642598589, 1.4254966115549141, 1.547030396681598
-2.0219404411327133, -0.431380845358515, 3.7049888845504024, -0.6859069053728045, 0.20189635229863293, -0.6852028758257314
-1.1728583522920293, -0.7962648640036982, -0.43079631757006764, 0.6240623815619207, -0.9998000710897964, -0.98071582245975
0.33320607018883586, 1.534800574838856, -0.05481584465002491, 1.0906023751207672, 1.2624663813065637, 1.6073047174895063
-0.374612883798799, -0.02248761093715046, 0.6971451011900606, -0.07714925488319185, 0.46582560974422277, -0.08935708996515838
0.09984808607999561, 1.0510057774364607, -0.05481584465002491, 1.028043188965182, 1.3183177666011194, 1.3584177231529917
2.0841012755235973, 1.213583963596128, 0.3211646282700178, 1.6242446889417013, 1.0765559351809637, 1.2969566296081594
-0.08505044709869382, -0.7963842988788074, -0.43079631757006764, -1.128331494823963, -0.881068188516301, -0.6860934405469048
2.094874040399815, 1.2181800179576543, 0.3211646282700178, 1.6012840264915225, 1.074730428801275, 1.3172618743741722
2.101385057880298, 1.2196559704713774, 0.3211646282700178, 1.5968890155785869, 1.0670765403109415, 1.3174266883221886
0.2236939934125592, 1.0750414849534125, 0.3211646282700178, 0.6824462391045323, 1.0882136186683866, 1.190735769389501
1.3876217543489797, 1.5032482440776445, -0.05481584465002491, 1.9219085946197065, 1.9249894414334126, 1.82353391637788
0.09190599104929226, 1.491925395468453, -0.05481584465002491, 1.3340798198295503, 1.467266481021605, 1.5358635046702527
-0.2024495857038388, -0.5215738771342976, -0.43079631757006764, -0.710878642351767, -0.7037037637342993, -0.49996481577546115
-0.08143729075143065, -0.9815343333987869, -0.43079631757006764, -0.9020428861828751, -0.7428255058637231, -1.0234251696700563
1.1013960791917403, 0.8042857483655008, 0.3211646282700178, 1.8467167624313474, 0.5520240734341734, 1.6548592399507427
0.2879226298940995, -0.7683032685264749, -0.43079631757006764, -1.207893448691942, -1.001932745166914, -0.7848309103611176
-0.08590183219829306, -0.8249173352927267, -0.43079631757006764, -1.1585379012645938, -0.7446366337054938, -0.8096184690781245
0.09984481724952518, -0.8353196460024214, -0.43079631757006764, -1.2291119475294456, -0.9797279115644559, -1.0472887531819879
-0.0210843263924988, -0.9839746983907863, -0.43079631757006764, -1.1510121216126212, -0.7384489528788261, -0.8060838567867721
0.4548869488759833, -0.4249435743235914, -0.43079631757006764, 1.6266805919749392, -0.4889259188255341, -0.5308743570456548
0.5176458236957633, 1.8974438009193177, -0.43079631757006764, 1.0076940812859938, 1.5802111113484298, 2.1314202465413223
-0.2041870434009493, -0.5170465713678172, -0.43079631757006764, -0.49056866631162444, -0.7018318685002064, -0.50442744644525
-0.4511532478292612, -0.6494548963883325, -0.43079631757006764, -0.658147669110558, -0.8572800957962176, -0.5686194658809649
-0.024700167217837975, -0.814168444354573, -0.43079631757006764, -1.1467347363697766, -0.8635576333878352, -0.6816376836786499
-0.06385765606313264, -0.6797199398791663, -0.43079631757006764, -1.1514611248228555, -1.0379167416084496, -0.8300034717489881
1.1153730983317454, 1.1152339295395117, 0.3211646282700178, 1.4402835632383224, 0.3408922075284695, 1.1972770284446845
0.46487057243810503, 1.5911491811268772, -0.05481584465002491, -0.5597949300036894, 1.4022452256251658, 0.5839660171251411
-0.20145100749627978, -0.6503639583263136, -0.43079631757006764, -0.5420495434027789, -0.7020123278631363, -0.45124489590402994
-0.45200581051736094, -0.6040381548337411, -0.43079631757006764, -0.7171665634794532, -0.8575121464315659, -0.7917796598712469
0.3281635974575387, 2.700627488101901, -0.05481584465002491, -0.6814010491996829, 2.5260722341086757, -0.735901380645719
0.33438152290832934, -0.2854025191380545, -0.43079631757006764, 1.6453322837430595, -0.5006541219210567, -0.40988891924375886
-1.947053691245166, 0.3703776985138604, 0.3211646282700178, -0.22423559104862079, 0.46205128843976245, 0.6329914057679209
-0.003236877763868813, -0.7589254888859227, -0.43079631757006764, -1.1601798643142236, -1.0116445428014087, -0.9608010388300251
-0.022801244329222467, -0.451723566519277, -0.43079631757006764, -0.45026655018616124, -0.5439280624595091, -0.6026578934198801
0.18224501190412634, 0.46835100102556976, 0.6971451011900606, 0.45598264396646465, 1.7672586554814997, 0.5053977438190426
-0.02248346244486333, -0.6851469801743043, -0.43079631757006764, -0.9151861631867031, -0.8618973471070654, -1.013351606071257
0.04792386890455966, -1.1620247258305272, -0.43079631757006764, -0.5678282660940224, 0.6064244423241965, -0.8816459575389808
0.29978754788992934, 1.3782266616529613, -0.05481584465002491, 1.0012605260860024, 1.2286651922268768, 1.5616008302452355
1.5116119222411244, 1.704268727968117, -0.05481584465002491, 2.2405724564252836, 1.7381843691267873, 1.7626504275033426
-0.5596699948808654, -0.12891472692244207, 0.6971451011900606, -0.04107100849421395, 0.49804223445837764, 0.1774313565287382
-0.08245531555287922, -0.8207580535281177, -0.43079631757006764, -0.7651772112071171, -1.0316615121232429, -0.8098135477572975
-0.3119955643213077, -1.1060863461374562, -0.43079631757006764, -1.310134702292601, -0.813456187193633, -0.9225742404941918
-0.06973768510525079, 0.4909709178521117, 0.3211646282700178, 0.3776705073023344, 0.9416173327395303, 0.7401479103498622
-0.08865005270433968, -0.8333045153464634, -0.43079631757006764, -1.1290392006499563, -0.744846826934059, -0.792485199116603
-0.19657540315356697, -0.521476117609072, -0.43079631757006764, -0.48937733901002123, -0.5742901495873857, -0.641091013119887
0.3365750443666647, 1.3812933357802215, -0.05481584465002491, 1.0909357952333436, 1.3406243154427555, 1.5231222181852964
-0.26412093005466336, -0.677621247051764, -0.43079631757006764, -0.5654069787072133, -0.5880136505605472, -0.4665195281117291
0.17216935328540683, -1.080259138545841, -0.43079631757006764, -1.0295500317269453, -1.5473770927760098, -0.668293246190017
-0.5051473660217592, -0.8136476651691082, -0.43079631757006764, -0.7426484017641174, -0.674787368727667, -0.6721711137488083
0.6805700463630734, -0.5348130393145556, -0.43079631757006764, 1.0395106790854212, -0.5068662699084541, -0.43501094918046107
-0.021781055575484445, -0.9998392529949365, -0.43079631757006764, -0.9327399792441523, -0.737524467444373, -1.000038265917434
-0.018633661340819663, -0.9817106029536885, -0.43079631757006764, -1.1536361378883428, -0.7367234752615062, -0.8148554496064634
-0.03052284490933993, -0.7958687652752607, -0.43079631757006764, -0.929251871637814, -0.7393008701227501, -0.9995117153062718
-0.07776156979425658, -0.8120047075195774, -0.43079631757006764, -0.9346119682993651, -0.7421129210820998, -1.0095542640974025
0.3013947236167691, -0.5025356884723643, -0.43079631757006764, 0.7356556878703076, -0.7005261855621039, -0.6019648614857194
0.6676664638900163, 0.5974142801395752, -0.05481584465002491, 0.6502848453056808, 0.4555377252251121, 0.44913375896150726
-0.31128606362358024, -1.0996541116127512, -0.43079631757006764, -1.3185819541482842, -0.8153374877115488, -1.0157733093936316
-0.45458334974178843, -0.8063021838688322, -0.43079631757006764, -0.7158641386326823, -0.6346363996062652, -0.594207293159577
-0.0810423602477585, -0.6902349516802105, -0.43079631757006764, -1.1580642243466002, -0.858320310005582, -1.0011157965004949
-0.5050037452130374, -0.6139776933308674, -0.43079631757006764, -0.9218992660525953, -0.7306493995838038, -0.6285070126023377
0.23760394538603327, 1.4040540634246201, -0.05481584465002491, 1.0121002930948269, 1.4042838953903762, 1.5298320078747578
-0.19732537509234868, -0.6475694239226983, -0.43079631757006764, -0.4899697363490073, -0.7036635150338142, -0.5031265046694702
0.32455062080587277, 2.70931521346081, -0.05481584465002491, -0.6813527716914518, 2.5205944971271315, -0.7362041543870013
-0.27171668110437464, -0.6740538863727673, -0.43079631757006764, -0.5688862604842259, -0.5451176648633449, -0.6774537771259261
-0.11395982123518342, -0.6504141335027587, -0.43079631757006764, -0.22088494677927956, -0.574506645476706, -0.4311519115212044
0.1129438517771662, 1.1263843953696124, -0.05481584465002491, 0.9931217757920396, 0.942200272842877, 1.3291154180032672
-0.19443299747001352, -0.6461750032945004, -0.43079631757006764, -0.48560038803430466, -0.5717355926786805, -0.5086823818435596
-0.4554937262472793, -0.604302148116512, -0.43079631757006764, -0.9097395275604999, -0.8396394275736588, -0.5672534542688642
-2.0530710839234594, -0.4306230327414289, 3.7049888845504024, -0.6626321760574023, 0.17020204901428357, -0.6895988624602073
-0.08778550189948255, -0.7828142555436507, -0.43079631757006764, -1.1619482617156656, -0.7447005404457979, -0.9914956390944781
2.091106416375315, 1.1796845334231547, 0.3211646282700178, 1.6170373587187357, 1.0734376626489561, 1.3285682686707876
1.0851826574768897, 0.7278765330121653, 0.3211646282700178, 1.8004063695268828, 0.5829891232688457, 1.585238689821691
-0.026420165615509156, -0.8072578513922521, -0.43079631757006764, -0.9255248917190665, -0.7393119558815021, -0.9997204558306926
0.3458372546049278, -1.0667991277654638, -0.43079631757006764, -1.1151565172726907, -1.0248973131686911, -0.7355076748033422
0.8222397047463587, -0.37826111385624916, 0.3211646282700178, 1.7235638311854031, -0.4412062935318688, 0.6267939674876325
-0.08082633427463369, -0.9911161054370269, -0.43079631757006764, -1.149233596486381, -0.744719128061842, -0.8214951929954992
1.1012393105061158, 2.23453084554748, -0.05481584465002491, 1.11343344195401, 2.003574071059481, 1.9060608327537347
-0.3153574618394307, -0.8833808438745114, -0.43079631757006764, -0.864127853724102, -1.0858063588303297, -1.0916104286378772
0.06221037624433791, -0.6327543622218749, -0.43079631757006764, 0.6185570446892733, -0.47595712949126634, -0.4293152658449195
0.2876435383808816, -0.5030333263152669, -0.43079631757006764, 0.6852893627569987, -0.7019477338208894, -0.6153846675648159
0.6306411736383216, 1.2256579417155316, -0.05481584465002491, 1.3231208698276589, -0.25795525206885045, 1.1521573236068843
0.18522564612019682, 1.1288932805973628, -0.05481584465002491, 1.0327459506174481, 1.2064094335879092, 1.347862261059217
0.8586101204059763, 0.5061434697649316, -0.05481584465002491, 0.8496437368898953, 0.598131149673099, 0.7854292513351445
0.005269620273505905, -0.8333034380629429, -0.43079631757006764, 0.7172380289075669, -0.9325433317438109, -1.2114943353406549
-1.88596239390036, -0.6885068142193137, 3.7049888845504024, -0.43428256893057393, 0.1721430274095013, -0.6921304974038149
0.1861695458638038, 1.123665313538974, -0.05481584465002491, 1.0291786247149748, 1.2113510580433153, 1.3476027044421972
0.5966938208467525, 2.68679337073476, -0.05481584465002491, 0.7366694340659175, 1.6171527302220317, -0.5724552279207729
-0.9529949231714189, 0.26826996458120106, 0.3211646282700178, -0.36761835597108644, 0.17456977706074736, 0.49442375360951457
-0.34260390851842304, -0.5920510132704313, -0.43079631757006764, -0.4519696531580868, -0.6439436490926174, -0.4227361788742295
1.4047353263426483, 0.7217525693069956, 0.3211646282700178, 1.6628563073447933, 0.6755834812913222, 1.616944259512971
0.12007344728683637, -0.713805082742619, -0.43079631757006764, -0.908583044380753, -0.9230149450349029, -0.9684627789294827
1.2839653831658677, 0.9368845173646225, 0.3211646282700178, 1.2493376670510936, 0.6844767633337212, 1.0421775816422862
-0.4565947148882262, 1.7259024499327267, 0.3211646282700178, 0.32649036016142996, 1.489061637498612, 0.8350631593893293
-0.2701311748196678, 0.430048222924073, 0.3211646282700178, 0.15574261426170946, 0.4024438570935216, 0.8650197329129362
-0.7317430887763744, 0.4197516908846748, 3.7049888845504024, -0.49689050313388305, 0.783236783933865, -0.45943665245648035
1.1189412402776102, 0.9113150723930644, 0.3211646282700178, 1.6379797275183194, 0.39109910605029863, 1.6212307940595843
1.0443052123290932, 1.5861798445308757, -0.05481584465002491, 1.9638443648354225, 1.3627376373715474, 1.6434810653218805
-0.20299113093443089, -0.5154090736278033, -0.43079631757006764, -0.5525009708834677, -0.5317395228308831, -0.6447157329886911
1.5348985368671582, 1.3099184062594937, 0.3211646282700178, 1.6180196932674589, 1.4118531673294166, 1.3047272360265323
-1.0446006526746068, -0.5864300790568605, 0.3211646282700178, -0.03699454386097927, -0.32549922551775357, 0.6147483831332522
-0.04242254653359553, -0.5646872151289885, -0.43079631757006764, -0.4133682913618891, -0.6238138722941998, -0.38429536559917266
-0.11594016786488794, 0.19048945303054, -0.05481584465002491, 0.22307558727686808, 1.0739722859095837, 0.223031832326167
-1.9245006829550306, -0.6814646754331033, 3.7049888845504024, -0.4294923601138095, 0.20150963308018166, -0.6796619853877357
0.01108569068071205, -0.8705489794208586, -0.43079631757006764, -0.8348567339677658, -0.9850307614354565, -1.0118839233549237
-0.19951116545754324, -0.5449405523420149, -0.43079631757006764, -0.41245858588516165, -0.6859177594719251, -0.42912895918832217
-1.1505322666678848, -0.8606689369170085, -0.43079631757006764, -0.5182272319715572, -0.8609314778867563, -0.7183168850962031
-0.021320549935488937, -0.6848073115529305, -0.43079631757006764, -1.1513642368323334, -1.028843757725181, -0.8270157798849345
-0.3078473067719367, -0.7638629039395464, -0.43079631757006764, -1.2721772482842875, -1.0521252304199784, -1.1583518361197265
-0.27019466679802506, -0.529855099838572, -0.43079631757006764, -0.7516583444711742, -0.5439857595709979, -0.5166516878753029
-0.18739477656038123, -0.9850023324830816, -0.43079631757006764, -0.7571330925629889, -0.8164636371066072, -0.8182355013508718
-0.026628287966262026, -0.826138234288389, -0.43079631757006764, -1.1242229687243883, -0.7384503518575792, -0.7901596213007099
-0.3079478358841161, -1.0267051655465818, -0.43079631757006764, -1.0161787105425408, -0.8144390544454317, -1.1561028857332551
-0.20628334866126324, -0.6454128525300311, -0.43079631757006764, -0.4912440022488584, -0.5803991504010106, -0.6416779338624137
-0.022550426941672922, -0.9949790959917915, -0.43079631757006764, -0.9105706528235779, -0.7394977543809482, -0.9988732743581761
0.8496995346847388, 0.5896434415373379, -0.05481584465002491, 0.9525130684385507, 0.6131811067891156, 0.691341720551022
-0.32409845624249595, -0.5327851927458366, -0.43079631757006764, -1.3345638040848555, -0.6800177686369148, -0.6461694468867863
-0.45271205156749283, -0.6392950777352604, -0.43079631757006764, -0.895299073623059, -0.8546286477370133, -0.5681306849639207
-1.7726316734459333, -0.7680665157126814, -0.43079631757006764, 0.4698111122388413, -0.5583911888087394, -0.6351911342909666
0.005960568421929112, 0.20419744498942205, 0.3211646282700178, 1.0501253180742545, 0.07172816312471499, 1.192517888408559
-0.2934458586661233, 1.1601833353909834, 0.3211646282700178, 0.4434795700121666, 0.753557803570176, 1.1691725897219112
-0.34828717498128575, 1.0926190949442154, 0.3211646282700178, 0.15275642912205048, 0.9318688487405853, 0.965537641867493
-0.052592248158514016, 0.7797906010549893, 0.3211646282700178, 0.4114568166865321, 0.5999447279254636, 1.338140913637993
-1.6562874993513175, -1.1198826790415939, -0.43079631757006764, -0.5100794953371205, -1.1721296288244196, -0.95401509830011
0.5978218632678854, 0.39247523233833126, 0.3211646282700178, 0.9158201567777594, 0.20053607088244585, 0.7904490742481064
-0.02138076541492279, -0.8193471348890328, -0.43079631757006764, -0.8951499293305466, -1.0457150447002634, -0.6781121993367222
-0.08161231685954053, -0.8240179918662158, -0.43079631757006764, -0.7654826394495005, -1.02171738469753, -1.0226553858849647
-0.15008457267477626, -0.475371694233728, -0.43079631757006764, -0.7209151338792478, -0.9700775223003245, -0.5401844955809327
-0.026712828474824236, -0.6854839053797288, -0.43079631757006764, -1.1327738988581006, -0.8577803990528948, -1.0121848382975467
0.5230509546452384, 1.7557611885562323, 0.3211646282700178, 0.886739668418695, 1.3933402816683544, 1.8250143856177412
-0.0409299194432233, -0.39738139885396523, -0.43079631757006764, -0.6070008959680281, -0.47713207474006514, -0.556408268705004
0.5417460467286848, 1.3182954834729255, -0.05481584465002491, -0.574154316323531, 2.4851510933387377, 1.7833619646065708
0.30008201968142684, 1.3591622399105439, -0.05481584465002491, 0.9732965786493701, 1.2664332925003197, 1.5355725821980406
0.18496578448056847, 1.202351390194151, -0.05481584465002491, 1.0315955012760618, 0.9035657896164343, 1.2417779239410496
0.14745187515149685, 0.5524646016419351, 0.6971451011900606, 0.7745033051052872, 2.0139566307242527, 0.6200966075253959
-0.19252288980996005, -0.5650648608888785, -0.43079631757006764, -1.256814816767109, -0.6254281872942316, -0.4758818340195808
-0.08561285950987052, -0.9861136443069567, -0.43079631757006764, -0.5069191995707958, -1.222884611539608, -0.6020241579948916
-6.823555538065044, -0.8943413804614955, -0.43079631757006764, 0.34739613585223134, -1.3879883509067719, -0.7481026456317749
-0.08852639452171773, -0.7946754511855129, -0.43079631757006764, -1.1542317580335721, -0.7442835842344984, -0.9937752743791337
-0.04577233328134861, -0.9372027031085991, -0.43079631757006764, -1.0020271329388877, -0.7475173592501252, -0.6154349955902961
-0.26993802639066444, -0.852900317475696, -0.43079631757006764, -0.7334849894651598, -1.4188995628214645, -1.0973633247384733
-0.2709568867579516, -0.6808180410295847, -0.43079631757006764, -0.5594815920163554, -0.7294368450702938, -0.46739145099511087
-0.20143488938685314, -0.6329494779694684, -0.43079631757006764, -0.410872018563855, -0.5068456434259314, -0.47687322037243013
-0.07971133106708468, -0.8450959844732012, -0.43079631757006764, -0.88892869626919, -0.7414469252125927, -0.9943702395116335
-0.02304948119568126, -0.9716968369950933, -0.43079631757006764, -0.9379403121966907, -0.8355453110887943, -0.6784991418546461
-0.026261046686212926, -0.806875738198011, -0.43079631757006764, -1.1397788842729306, -0.738742932952942, -0.8121380585370215
-0.022647582786000434, -0.9773696542102294, -0.43079631757006764, -0.9000989996810541, -0.7366044094666564, -0.8207116450413366
-0.015698652778051696, -0.9978700162380975, -0.43079631757006764, -0.9202911224076218, -0.73573151153926, -1.0002957447588805
-0.07912499325304607, -0.8061471614052482, -0.43079631757006764, -0.765467862925674, -1.0401157948865158, -0.9985693091408144
-1.4081240223631144, -0.6112236497111153, -0.43079631757006764, 0.4372310086739089, -0.630139029454806, -1.0810938357154993
-0.10746678523210029, -0.9068635153035641, -0.43079631757006764, -1.1817832906552583, -1.5292766233584807, -0.7802147053832701
-0.36405126864610265, 1.305008947825097, 0.3211646282700178, 0.22706157000940025, 1.1690554020200474, 0.6953733538953305
-0.31212957134359454, -1.0867027081745524, -0.43079631757006764, -1.3100056952144579, -1.0682933513276054, -0.8968884031212915
0.2987978079276832, 1.3934612279319243, -0.05481584465002491, 0.9636553217457479, 1.3492204425696699, 1.5057636329212605
-0.1925862748384658, -0.44317966506749173, -0.43079631757006764, -0.41084169146662014, -0.554261172113668, -0.529551048774975
-0.2021953995595338, -0.6463714604595103, -0.43079631757006764, -0.5559133330572343, -0.7027040422567505, -0.45131570813210553
0.2054219671340078, 1.3864213204670222, -0.05481584465002491, 1.2684921609187008, 1.2937718233395048, 1.4133917362615205
-0.043891979512737836, -0.564279671444885, -0.43079631757006764, -0.40588675519065454, -0.6253504429389343, -0.38453144429658
-0.027786364291143336, -0.8164789034178072, -0.43079631757006764, -1.1189824265700468, -0.8411941923147115, -0.6804742061477487
1.0372927758190562, 1.6949978556620842, -0.05481584465002491, 2.18908262493731, 1.5734055432847627, 1.6189099174376684
-0.0678959961883999, -0.4184517302874872, -0.43079631757006764, -0.41872757175819, -0.6234054643160442, -0.411760191990708
-0.194142633297833, -0.44726590454779996, -0.43079631757006764, -0.4118185919258861, -0.6014491579400059, -0.47643065296299003
-0.20819493423737603, -1.0315811194767184, -0.43079631757006764, 0.23896477010552414, -0.6384730592528826, -0.6691951629676841
0.5366261445916729, 1.391732040656314, -0.05481584465002491, 1.7458111659821305, -0.09222283845232974, 1.393307841110417
-0.043026738926296014, -0.40589456427264475, -0.43079631757006764, -0.4122934989971402, -0.6242457837133933, -0.3859229184295886
-0.15283851931623663, -0.47294038775837194, -0.43079631757006764, -0.556333943759023, -0.9786466618977968, -0.5363446493467616
-0.02329853056023471, -0.801796961051478, -0.43079631757006764, -0.9309112952584885, -1.030015361408579, -0.6806287098905865
0.9875954333287773, 2.8034881044982725, -0.05481584465002491, 1.139891111467528, 2.6277632430912505, 0.7276776846574204
-2.2172784138604715, -0.5048950821957879, 3.7049888845504024, -0.8717367529307086, 0.22065325558974977, -0.4846746624808792
0.4944382712155167, 1.2247498566855513, -0.05481584465002491, -0.7618870529547795, 2.005959935674636, 1.4100970649352516
-1.5041818978305876, -0.6984968944318699, -0.43079631757006764, 0.4932574030024374, -1.5848985129341424, -0.6056448072060375
-0.4568015258664525, -0.5783849483615618, -0.43079631757006764, -0.9080395152174033, -0.6597194489017977, -0.7930231323108328
-0.9658422865917163, -0.7753804962168946, -0.43079631757006764, 0.5788239005323768, -0.8054519989258045, -0.8786847612126713
1.1503047786146723, 0.8172919671317279, -0.05481584465002491, 1.0958917493753284, 0.8464277960675003, 0.930588746764771
0.29465035498384506, 1.4215058252396717, -0.05481584465002491, 1.032211867943007, 1.3116733540030245, 1.5050001806018483
-0.9391314783415063, -0.13296634482068787, 0.6971451011900606, -0.06916831394632914, 0.3516605299704595, 0.12594559555073448
1.9579956651117645, 1.1342467968405026, 0.3211646282700178, 1.54151520988502, 1.0575265388301138, 1.2366200989285763
-0.10155349205962662, -0.6524501956122175, -0.43079631757006764, -0.21585447021795456, -0.5152674760265706, -0.5021495883472253
-0.021618437651332402, -0.804368003881707, -0.43079631757006764, -1.1374485179051246, -0.7369363406762751, -0.8101383835912945
-8.285000145795536, -0.7735023098956301, -0.43079631757006764, -4.742583828703389, -0.9851288236236977, -1.4341512970337105
-1.927084078980528, -0.4186291418416714, 3.7049888845504024, -0.7541944242429328, 0.20444946014774698, -0.40460283686550386
1.0401920271374747, 1.965595657727525, -0.05481584465002491, 1.0179068915953942, 1.2052495705479733, 1.8439541193916846
-0.8509298898505036, -0.07409168473064101, 0.6971451011900606, 0.16805770541910148, 0.4224183416952263, -0.00918535233819888
-0.0844744268944091, -1.014255030474049, -0.43079631757006764, -1.7250357083262207, -0.8304333893558283, -1.1720893631190274
0.3868563381442903, 1.6987922597500806, 0.3211646282700178, 1.7456445747677802, 1.5907407456365674, 1.6104273216001965
-0.7462105024797558, 1.126620699697026, -0.05481584465002491, 0.2739176184658439, -0.46533999903706036, 1.370194094011661
1.255462874557598, 0.7771842811422369, -0.05481584465002491, 0.9181954189327367, 2.4548218846059977, 1.133013363203174
-1.5397229192627755, -0.4293289975468005, 3.7049888845504024, -0.7676955996397643, 0.17114805038071257, -0.5977035132603651
-0.023677132730981976, -0.8004102800451518, -0.43079631757006764, -1.1320139828929061, -0.7383082885734354, -0.8185890372803304
0.5468517800166549, 0.5190858847641652, -0.05481584465002491, 0.6903907382037512, 0.4216124556772386, 0.4312142889083197
-2.0084765195284304, -0.638886314042652, 10.472637397111171, -1.0359827640963228, 0.10887235899507822, -0.9172531612895847
-0.33935834465328135, -0.4492388042191616, -0.43079631757006764, -0.45264695945558237, -0.6490908212422929, -0.4230645257850033
-0.18917482189059343, -0.9789374955309574, -0.43079631757006764, -0.7646253331639535, -0.8376685692109108, -0.9877611356938476
0.055967463532293545, -0.9784426961033623, -0.43079631757006764, -1.0930713583658525, -0.6088669563090723, -0.801900694756391
-0.9897389229972526, -0.08688016676944729, 0.6971451011900606, 0.16345322402951326, 0.34508619511619554, -0.09701464704198616
-1.5331813023943097, -0.9244816335060558, -0.05481584465002491, -0.3147460399840399, -1.7840870384657008, 0.9797630520289526
-1.818334513485002, -0.8000669359274764, -0.43079631757006764, -0.3392994885922911, -1.1670809324310754, -1.0497302218662594
0.2949121183534149, -0.7086435441022444, -0.43079631757006764, -0.034590019270395, -0.6898414253511977, -0.5972940326827946
-0.08466794202589267, -0.7820833011700531, -0.43079631757006764, -1.1651104531521939, -1.0151095640959362, -0.8508684536995325
-0.25071476711179963, 0.4709657140355044, 0.3211646282700178, 0.3974884705701019, 0.4577102375106661, 1.131850885021509
-1.0531967556389072, -0.6843553208277541, -0.43079631757006764, 0.557083894884147, -1.6815142913365373, -0.7008072031508998
0.3470076670745334, -0.4108850223101192, -0.43079631757006764, 0.7187181488918537, -0.450206620398375, -0.37842110719255423
-0.3238990998447822, -0.5770112439708726, -0.43079631757006764, -1.31456437146418, -0.8221321598785536, -0.5613535059974747
-0.08622386276427359, -1.0056991467940073, -0.43079631757006764, -1.1336921382607568, -0.744831265499674, -0.8240948201114972
-0.4673919925251458, 0.7756577912853484, -0.05481584465002491, 0.5819850119795267, 1.3244349310270969, 1.7183569322280852
1.0462449155351106, 1.6387676528638035, -0.05481584465002491, 2.2306342883552106, 1.559254032140802, 1.6313741656723992
-0.08817284417744636, -0.8329680190465716, -0.43079631757006764, -0.8938222126406061, -0.7443005214286599, -1.0216569635348522
-0.029869166801141493, -0.8153494276233447, -0.43079631757006764, -0.760417889819821, -1.0435594059930762, -0.7997973570509908
-0.3402433733716508, -0.4449592861362941, -0.43079631757006764, -0.6429907320265079, -0.5017484002336858, -0.578455204702897
0.19144721815463833, -0.21446610938540842, -0.05481584465002491, 1.394045989289943, -0.27445018689772666, -0.29182983731448375
-0.14009879226331493, -0.4989920981041591, -0.43079631757006764, -0.9088406206998352, -0.6322947986268356, -0.6776018173264592
-0.05141497767157698, 1.3030374596883252, 0.3211646282700178, 0.39782059584640694, 0.9945131321143201, 1.1823387674473098
1.5144060823828924, 1.7077427035950141, -0.05481584465002491, 2.4389140284773094, 1.4780666527793282, 1.8787437931390958
-0.08251757167562432, -0.8002887684933717, -0.43079631757006764, -1.1518846794261755, -0.8806733828977523, -0.6855464342051885
-0.9142444557085666, 0.11059133549999825, 0.6971451011900606, 0.20483954216357264, 0.39499681284826105, -0.09853392306070428
-0.9851675796563684, 0.6727783735666936, -0.43079631757006764, 0.6289439995316586, -0.8464997163915334, -0.7961294623670251
1.0140315352889495, 0.27017936645827173, 0.3211646282700178, 1.607962409973445, -0.22526409828331123, 0.7881143421226662
-0.2696605723999897, -0.5310059341228495, -0.43079631757006764, -0.750547632392428, -0.5437712414699692, -0.6721743657966134
0.6554398857545145, -0.5079259073195306, 0.3211646282700178, 1.7746992826087415, -0.3921818787707265, 0.7109619453429307
-0.19886090451235827, -0.7263685195165003, -0.43079631757006764, -0.921582403740567, -0.7028207371591583, -0.4997742149370722
-0.10620010705905777, -0.6530800866710219, -0.43079631757006764, -0.21666738935396576, -0.44508300311327315, -0.43265088411393665
-0.20424352537873408, -0.6457705946301331, -0.43079631757006764, -0.5495335022124186, -0.5312398432987318, -0.6442302241150598
-0.9052831093436222, -0.09074036080785329, 0.6971451011900606, 0.20136971826879094, 0.3051863589695558, 0.16939984810539988
-0.019457404095129322, 0.7537507621528489, 0.3211646282700178, 0.32327185538855807, 0.5433712404199574, 1.0348743772507356
-0.08491313122809424, -0.7970294984239391, -0.43079631757006764, -1.1243904296782021, -0.874146937324265, -0.6858304331886199
-0.1979964964946869, -0.5077165410097205, -0.43079631757006764, -0.923384698482875, -0.7745580366056888, -0.48803623612571495
-0.3553368094418513, 0.6495564665408347, 0.3211646282700178, 0.28418233813135413, 0.4395602852106381, 0.6951045869919954
2.098797131407439, 1.200933694556664, 0.3211646282700178, 1.619896639558929, 1.0683886908338394, 1.315674386912339
-0.5061163318828156, -0.6716804291085612, -0.43079631757006764, -0.6798291160407176, -0.7317326407894172, -0.8155511506659109
-0.08356488291983678, -0.7891253512065194, -0.43079631757006764, -0.9481204339480372, -1.015546011188231, -0.6868845021504302
-0.33998421311455446, -0.5903772319546141, -0.43079631757006764, -0.45547822826348466, -0.6436172239731449, -0.4212701540691232
0.7126270726514197, 0.9981535082607165, -0.05481584465002491, 1.6151044073937504, -0.24941055164891512, 1.2522969502792793
-0.1013838912709631, -0.8631024142636641, -0.43079631757006764, -1.1152444709456992, -0.986544748553319, -1.0461094726827196
-0.0657439603651122, 0.1409084668798021, -0.05481584465002491, 0.5049008824822159, 0.10581418896913183, 0.20908861245687363
-0.0012707285395632069, 1.0473830239417177, -0.05481584465002491, 0.8674931004791835, 0.9306608311948685, 1.2606509319926373
0.2968162761008255, -0.627530659113889, -0.43079631757006764, -0.8453689824749595, -1.5196257123302965, -0.9200759207506556
0.21921488214924306, 1.2805678036502262, 0.3211646282700178, 0.5791271352229926, 1.0822608685286097, 1.44087468053735
-0.31186672963425366, -0.5760841114137006, -0.43079631757006764, -1.313658178959896, -0.828862724388385, -0.5526778990937539
0.17753826784985746, -0.7560595836147624, -0.43079631757006764, -0.8214303096963615, 0.8193863831459739, -0.8992079296774526
-1.8568557165288802, -0.7092605197409126, 3.7049888845504024, -0.48825488501437214, 0.11081090879096106, -0.7181949737716941
-0.9968839432945807, -0.08211260415467886, 0.6971451011900606, 0.16374201538862138, 0.34459151501181473, -0.09636148559399882
0.8222148552763746, 1.460405058990301, -0.05481584465002491, 0.4766989568802665, 1.1524005279127574, 1.4262635791012437
-0.7076690889283719, -0.5141542611514519, -0.43079631757006764, 0.6714909466836352, -0.6481182104110826, -0.6400772762212763
1.290946592382136, 1.8364350164547163, -0.05481584465002491, 2.547763615633983, 0.3335053987336606, 2.037707924414991
-0.26738179631520914, -0.6764588302913584, -0.43079631757006764, -0.571133696706451, -0.5882091149868639, -0.4659658093368789
-0.34022850189512954, -0.5951889078861164, -0.43079631757006764, -0.4660002939315429, -0.6403682320143358, -0.4221305232158136
-0.7644700663492449, 0.003994560055071833, 0.6971451011900606, 0.091557869409119, 0.6088336549385895, 0.30928797347191195
-0.19637898395490438, -0.6481983312345067, -0.43079631757006764, -0.5486021812018909, -0.529278608721611, -0.5043680581860736
-0.08647280022541101, -0.8028081530442416, -0.43079631757006764, -0.9277795976873201, -0.743301502816692, -0.9946346480643264
-0.20584934037571437, -0.64736608551598, -0.43079631757006764, -0.5576470774323704, -0.5306695825401698, -0.6401916876065947
-0.0828970836010443, -0.8475610040756287, -0.43079631757006764, -1.1177269165762895, -0.8309417402170569, -0.6852102206000028
-0.2586403515847458, 0.5172844531211551, -0.05481584465002491, 0.38391363839530107, 0.39407715893382905, 0.569524588008897
-0.08784944699645109, -0.7891058637221017, -0.43079631757006764, -1.1567744660891988, -0.7434145787377237, -0.9893042239372811
-0.02526816810466714, -0.9976729836666868, -0.43079631757006764, -0.7604320281514954, -0.8663921838683851, -0.9954818819310307
-0.02533878537387593, -0.8105552645946017, -0.43079631757006764, -0.9174377250558062, -0.7395812078253573, -1.0024278431147176
-0.06764679295873377, -0.41756633009607924, -0.43079631757006764, -0.611169996020159, -0.6241725507634297, -0.39033455724072935
0.30948935686776985, -0.8651195682719885, -0.43079631757006764, -0.6472756625953516, -0.6851511366472595, -0.6672517874545703
0.6231961906434336, 0.04953534457997737, -0.43079631757006764, 0.7877817096859883, -0.26908553319862843, -0.1918305753333971
-0.904503342098769, 0.27652092887235513, 0.3211646282700178, -0.3726270189127774, 0.17287059902221882, 0.4587196983136041
